1,0.0861,45.2292, 6.70,A,,
5,0.1044,58.4367, 5.96,G,,
7,0.1074,64.1961, 5.59,B,,
8,0.1102,29.0214, 6.13,K,,
15,0.1398,29.0906, 2.06,B,,
17,0.1447,36.6267, 6.19,F,,
20,0.1556,79.7147, 6.01,A,,
21,0.1530,59.1497, 2.27,F,Beta Cassiopeiae,
27,0.1720,46.0722, 5.03,F,,
28,0.1749,57.1656, 6.74,B,,
36,0.1997,48.1525, 6.16,K,,
38,0.2140,37.6933, 6.73,B,,
40,0.2233,26.9872, 6.30,G,,
41,0.2252,41.0353, 5.72,F,,
44,0.2340,33.2061, 6.25,A,,
52,0.2519,31.5358, 6.45,K,,
53,0.2529,27.2831, 6.35,A,,
55,0.2706,76.9508, 6.35,B,,
56,0.2727,43.5947, 6.15,A,,
60,0.2825,61.5333, 5.74,G,,
62,0.2859,47.9475, 5.89,B,,
63,0.2849,38.6817, 4.61,A,,
65,0.2953,51.4331, 6.14,O,,
68,0.3055,36.7853, 4.52,A,,
70,0.3117,43.7911, 6.11,B,,
71,0.3106,31.5172, 5.87,A,,
75,0.3282,40.7297, 6.33,K,,
76,0.3348,48.8653, 6.52,A,,
78,0.3401,30.9358, 5.90,B,,
79,0.3460,32.9114, 5.79,K,,
82,0.3520,37.9686, 5.18,F,,
90,0.4006,38.5772, 7.39,S,,
91,0.4043,52.0200, 5.57,B,,
93,0.4132,61.8311, 5.40,B,,
96,0.4184,53.0469, 5.74,B,,
104,0.4705,44.3944, 5.17,A,,
110,0.4824,36.9000, 6.26,G,,
112,0.5153,77.0194, 6.21,K,,
113,0.5055,59.9772, 5.94,B,,
114,0.5020,29.7517, 5.23,A,,
121,0.5237,66.5194, 6.18,B,,
122,0.5238,33.5817, 5.87,K,,
123,0.5296,54.5222, 4.73,B,,
124,0.5281,52.8394, 5.60,K,,
128,0.5408,43.4947, 6.70,A,,
129,0.5554,70.9817, 6.42,A,,
130,0.5500,62.9317, 4.16,B,,
133,0.5429,27.5806, 6.67,A,,
134,0.5470,28.2803, 6.30,K,,
135,0.5529,54.8950, 5.93,K,,
137,0.5736,66.7503, 6.48,B,,
144,0.6023,54.1686, 5.08,B,,
146,0.6076,60.3261, 5.79,A,,
149,0.6056,27.2547, 6.50,B,,
152,0.6129,44.4886, 5.13,K,,
153,0.6162,53.8969, 3.66,B,,
154,0.6147,33.7194, 4.36,B,,
157,0.6225,35.3994, 5.48,G,,
158,0.6631,82.4939, 6.40,F,,
163,0.6426,29.3117, 4.37,G,,
164,0.6528,49.3544, 5.43,K,,
165,0.6555,30.8608, 3.27,K,,
168,0.6751,56.5372, 2.23,K,,
175,0.6853,39.4586, 5.33,G,,
177,0.7009,66.1475, 5.83,G,,
179,0.7011,50.5125, 4.80,B,,
181,0.7086,58.7533, 6.17,B,,
184,0.7245,47.0247, 4.94,A,,
189,0.7407,47.8642, 5.67,B,,
192,0.7608,74.9881, 5.66,A,,
193,0.7454,48.2844, 4.54,B,,
196,0.7548,55.2217, 5.42,A,,
200,0.7775,69.3250, 6.33,F,,
204,0.7709,55.3053, 6.52,A,,
205,0.7697,44.8614, 6.05,B,,
207,0.7784,59.5744, 6.39,G,,
208,0.7961,74.8475, 5.41,B,,
212,0.8025,72.6750, 5.87,K,,
219,0.8183,57.8158, 3.44,F,,
223,0.8139,50.9683, 4.89,B,,
226,0.8302,41.0789, 4.53,B,,
230,0.8313,27.7108, 7.0 ,F,,
231,0.8314,27.7103, 7.1 ,F,,
233,0.8454,64.2475, 5.39,G,,
234,0.8384,45.0022, 6.15,A,,
237,0.8546,61.8058, 6.07,K,,
238,0.8493,51.5081, 6.39,F,,
240,0.9148,83.7072, 5.62,A,,
241,0.8594,51.5711, 6.21,B,,
244,0.8845,61.1242, 4.82,F,,
246,0.8815,38.5486, 6.69,A,,
249,0.8912,37.4181, 6.06,K,,
250,0.8966,52.6892, 6.27,A,,
253,0.9167,58.9728, 4.83,K,,
256,0.9181,48.6786, 6.27,M,,
259,0.9207,24.5569, 6.20,M,,
260,0.9369,57.9967, 6.21,K,,
261,0.9488,68.7761, 6.37,F,,
262,0.9329,27.2094, 6.09,A,,
264,0.9451,60.7167, 2.47,B,,
265,0.9444,59.1811, 4.63,G,,
266,0.9464,60.3628, 5.55,B,,
269,0.9459,38.4994, 3.87,A,,
272,0.9610,45.8397, 6.12,K,,
273,0.9753,66.3522, 5.97,A,,
274,0.9639,28.9922, 5.42,G,,
275,0.9706,33.9508, 5.98,K,,
278,1.0086,70.9831, 6.39,A,,
282,1.0009,44.7111, 6.84,A,,
283,1.0010,44.7133, 6.04,B,,
285,1.1458,86.2569, 4.25,K,,
286,1.5640,89.0156, 6.46,A,,
287,1.0384,51.0350, 6.47,A,,
289,1.0504,47.3761, 6.45,A,,
290,1.0484,41.3450, 5.98,A,,
291,1.0470,31.8044, 5.50,B,,
292,1.0603,61.0750, 5.92,F,,
297,1.0721,61.5803, 5.84,F,,
298,1.0673,52.5022, 5.99,K,,
302,1.0797,51.0100, 6.54,B,,
303,1.0743,29.6586, 6.19,F,,
305,1.0768,39.9911, 6.72,F,,
306,1.2704,87.1453, 6.25,K,,
309,1.1063,62.7617, 6.54,A,,
312,1.1534,80.0117, 6.29,G,,
316,1.1167,56.9350, 6.43,K,,
318,1.1193,53.4983, 6.38,K,,
321,1.1379,54.9203, 5.17,G,,
324,1.1336,43.9419, 5.03,A,,
326,1.1426,58.2636, 5.79,B,,
327,1.1337,32.0122, 6.25,F,,
333,1.2046,79.6739, 5.64,A,,
335,1.1584,47.2419, 4.25,B,,
336,1.1776,68.7786, 5.29,A,,
337,1.1622,35.6206, 2.06,M,,
340,1.1719,42.0814, 5.65,F,,
341,1.1721,25.4578, 5.80,K,,
342,1.1904,64.2028, 5.55,B,,
343,1.1851,55.1497, 4.33,A,,
345,1.1948,65.0189, 5.57,B,,
348,1.1862,37.7242, 5.81,B,,
349,1.1852,31.4247, 5.16,F,,
352,1.1943,30.0897, 4.51,K,,
354,1.2194,61.7058, 6.41,B,,
355,1.2094,45.3378, 6.11,M,,
356,1.2165,30.0642, 6.19,G,,
357,1.2752,79.9100, 6.26,F,,
360,1.2291,24.5836, 4.65,K,,
363,1.2347,28.5297, 6.43,S,,
365,1.2700,71.7439, 7.83,K,,
369,1.2735,48.0822, 6.61,B,,
371,1.2719,33.1147, 6.02,K,,
372,1.2847,44.9019, 6.34,K,,
374,1.2900,31.7447, 6.73,K,,
375,1.3387,77.5706, 6.31,G,,
376,1.3028,47.4197, 6.25,K,,
379,1.3131,37.3861, 6.46,A,,
381,1.3664,76.2389, 6.38,F,,
382,1.3347,58.2317, 4.98,F,,
383,1.3244,27.2642, 4.76,A,,
384,1.3514,64.6583, 6.34,A,,
386,1.3963,78.7258, 6.07,A,,
389,1.3521,28.7381, 5.23,K,,
390,1.3723,45.5289, 4.88,K,,
391,1.3893,58.1431, 6.45,F,,
395,1.3946,37.7150, 5.58,A,,
396,1.3938,34.2458, 6.29,G,,
398,1.4296,70.9800, 6.49,A,,
399,1.4322,68.1300, 4.74,K,,
403,1.4303,60.2353, 2.68,A,,
407,1.4266,23.5117, 6.18,F,,
409,1.4385,43.4578, 5.96,F,,
410,1.4358,34.5797, 6.31,F,,
415,1.4517,34.3775, 6.27,F,,
417,1.4609,45.4067, 4.83,F,,
418,1.4574,41.1006, 6.46,A,,
422,1.4631,40.3356, 6.60,A,,
424,2.5302,89.2642, 2.02,F,Polaris,Little Dipper
427,1.5205,70.2647, 5.81,F,,
428,1.5145,66.0981, 6.14,A,,
430,1.5017,47.0072, 5.27,K,,
438,1.5354,34.8000, 6.39,B,,
439,1.5572,58.3275, 5.70,K,,
442,1.5655,59.2319, 4.71,G,,
446,1.5713,37.2372, 5.88,B,,
449,1.6229,74.3008, 6.58,B,,
452,1.5979,41.0764, 6.38,K,,
454,1.6076,48.7228, 5.92,K,,
456,1.6419,73.0400, 5.28,G,,
458,1.6133,41.4056, 4.09,F,,
461,1.6354,57.9775, 5.56,G,,
464,1.6332,48.6283, 3.57,K,,
465,1.6421,45.4000, 6.36,B,,
469,1.6558,44.3861, 4.98,G,,
470,1.6703,53.8683, 6.39,K,,
476,1.6777,43.2978, 5.61,A,,
477,1.6763,40.5769, 4.94,B,,
478,1.7057,68.0431, 5.59,A,,
480,1.7155,70.6225, 5.18,B,,
481,1.7008,61.0383, 6.71,B,,
482,1.7049,58.6278, 6.37,B,,
483,1.6964,42.6136, 4.95,G,,
484,1.6884,25.7458, 6.17,F,,
485,1.6942,30.0472, 5.99,K,,
488,1.7162,61.4217, 6.34,B,,
490,1.7010,35.2456, 5.64,B,,
491,1.7221,60.5511, 5.78,B,,
493,1.7083,20.2686, 5.24,K,,
495,1.7213,45.3222, 6.34,K,,
496,1.7277,50.6886, 4.07,B,,
499,1.7383,57.5364, 6.21,A,,
502,1.7461,57.0892, 6.25,A,,
503,1.7306,32.1917, 6.34,G,,
504,1.7407,46.1397, 6.35,K,,
508,1.7488,20.0831, 6.27,G,,
511,1.7958,63.8522, 5.63,K,,
518,1.7967,46.2297, 6.32,F,,
521,1.8108,37.9528, 5.94,K,,
523,1.8116,32.6903, 5.79,F,,
526,1.8210,47.8969, 5.82,A,,
529,1.8492,51.9333, 5.90,F,,
530,1.8357,22.2753, 5.86,K,,
533,1.8665,55.1475, 5.52,B,,
536,1.8693,50.7928, 5.79,B,,
538,1.8808,51.4747, 6.26,A,,
540,1.8968,55.5981, 6.45,A,,
542,1.9066,63.6700, 3.38,B,,
543,1.8881,40.7297, 5.40,K,,
544,1.8847,29.5789, 3.41,F,,
545,1.8922,19.2958, 4.83,B,,
546,1.8922,19.2936, 4.75,A,,
548,1.9333,68.6853, 4.99,B,,
551,1.9149,40.7019, 6.24,K,,
552,1.9160,37.1283, 6.26,K,,
553,1.9107,20.8081, 2.64,A,,
556,1.9318,37.2778, 5.89,M,,
557,1.9359,37.2517, 5.67,K,,
559,1.9308,23.5772, 5.74,K,,
561,1.9759,61.6981, 6.02,B,,
562,1.9657,41.6944, 6.78,B,,
563,1.9559,17.8175, 5.10,K,,
564,1.9622,27.8044, 5.82,M,,
567,1.9939,64.6214, 5.26,A,,
568,1.9760,49.2042, 5.69,K,,
569,1.9655,23.5961, 4.79,F,,
572,2.0492,77.9164, 6.04,K,,
575,2.0326,70.9069, 4.54,A,,
577,1.9932,21.0583, 5.87,K,,
579,2.0529,73.8506, 6.23,A,,
580,2.0572,72.4214, 3.98,A,,
581,2.0854,77.2814, 5.38,F,,
586,2.0480,64.9014, 6.00,A,,
589,2.0501,64.3900, 5.58,B,,
590,2.0384,54.4875, 5.04,B,,
592,2.0920,76.1150, 5.22,G,,
597,2.1570,81.2958, 6.05,A,,
598,2.0778,65.1033, 6.52,A,,
599,2.0494,33.2839, 5.50,A,,
603,2.0650,42.3297, 2.26,K,,
604,2.0652,42.3308, 4.84,B,,
605,2.0609,25.9356, 5.63,F,,
609,2.0618,18.2533, 6.21,K,,
613,2.1094,22.6483, 5.03,A,,
615,2.1137,25.7047, 6.15,B,,
617,2.1196,23.4625, 2.00,K,,
618,2.1446,58.4236, 5.67,A,,
619,2.1427,44.4594, 6.42,G,,
620,2.1415,37.8592, 4.82,A,,
621,2.1688,53.8431, 6.31,G,,
622,2.1591,34.9872, 3.00,A,,
623,2.1570,25.9397, 4.98,F,,
624,2.1564,17.2244, 6.43,F,,
626,2.2226,74.0278, 6.29,G,,
627,2.1914,57.6458, 6.36,B,,
628,2.1813,39.0394, 5.63,B,,
629,2.1816,39.0431, 6.10,A,,
631,2.1771,19.5003, 5.70,M,,
633,2.1867,25.9369, 6.02,K,,
634,2.1903,31.5264, 6.23,A,,
640,2.2414,66.5244, 6.07,G,,
641,2.2282,58.5611, 6.44,A,,
642,2.2062,30.3031, 4.94,G,,
643,2.2204,44.2317, 4.83,K,,
644,2.2104,24.1678, 5.96,K,,
645,2.2268,51.0658, 5.31,G,,
646,2.2134,21.2108, 5.27,F,,
647,2.2341,47.4842, 6.06,F,,
648,2.2176,15.2797, 5.71,M,,
653,2.2661,47.8114, 6.33,G,,
654,2.2810,57.0553, 6.48,B,,
655,2.2656,33.3589, 5.28,A,,
656,2.2628,25.7831, 5.79,F,,
657,2.2619,25.0431, 5.58,F,,
660,2.2842,34.2242, 4.87,G,,
661,2.3000,57.8997, 5.75,K,,
662,2.3013,57.5167, 5.98,G,,
663,2.2926,44.3069, 6.7 ,M,,
664,2.2886,33.8472, 4.01,A,,
665,2.2862,23.7678, 6.55,G,,
668,2.3369,64.3372, 6.60,B,,
669,2.3021,19.9011, 5.62,A,,
670,2.3213,47.3800, 5.30,A,,
671,2.3197,46.4725, 6.21,A,,
673,2.3230,48.9553, 6.37,F,,
675,2.3158,28.6425, 5.03,A,,
676,2.3161,23.1678, 6.46,A,,
677,2.3270,39.8350, 6.63,B,,
679,2.3448,47.3108, 6.11,B,,
680,2.3346,30.1883, 6.47,K,,
682,2.3495,50.1514, 5.59,B,,
685,2.3726,55.8456, 5.17,A,,
687,2.3806,41.3964, 5.82,F,,
690,2.3977,55.3644, 6.28,F,,
694,2.4069,50.0067, 5.19,G,,
696,2.4211,56.6100, 6.25,B,,
699,2.4271,50.2786, 4.71,K,,
707,2.4844,67.4025, 4.52,A,,
709,2.4644,50.5697, 6.12,F,,
711,2.4519,27.0133, 6.18,K,,
712,2.4577,31.8014, 5.54,K,,
716,2.4903,55.5364, 6.51,A,,
717,2.4694,29.6694, 5.29,F,,
720,2.4801,29.9319, 5.89,G,,
723,2.4871,23.4689, 6.19,A,,
726,2.5046,33.8339, 6.25,K,,
728,2.5090,25.2350, 5.92,F,,
729,2.5107,19.8553, 6.15,A,,
731,2.5151,17.7039, 6.23,G,,
736,2.5351,36.1472, 5.15,K,,
738,2.5479,34.5425, 5.83,K,,
741,2.5484,15.0347, 6.04,F,,
743,2.6339,72.8183, 5.16,G,,
746,2.5911,39.6644, 6.36,B,,
747,2.6267,65.7456, 5.78,K,,
748,2.5941,37.3122, 5.71,K,,
750,2.5963,34.6875, 5.35,M,,
756,2.6159,38.7328, 5.90,F,,
757,2.6119,31.6075, 6.10,K,,
758,2.6174,34.2639, 5.3 ,M,,
760,2.6224,39.8958, 6.54,B,,
761,2.6184,32.8919, 6.25,F,,
763,2.6105,12.4475, 5.68,F,,
764,2.6160,24.6483, 7.09,F,,
765,2.6168,24.6475, 6.50,F,,
768,2.6383,37.7267, 6.18,F,,
769,2.6411,38.0894, 6.30,B,,
770,2.6336,7.6953, 6.39,F,,
773,2.6469,21.9614, 5.43,A,,
774,2.7966,81.4483, 5.78,G,,
782,2.6781,27.0608, 5.30,A,,
785,2.7174,55.1058, 5.77,B,,
787,2.7166,53.5261, 5.84,K,,
788,2.7041,40.1939, 4.91,F,,
791,2.7471,67.8247, 5.95,A,,
792,2.7172,48.2656, 6.48,G,,
793,2.7061,20.0117, 5.69,A,,
797,2.7080,10.7417, 6.30,A,,
799,2.7367,49.2283, 4.12,F,,
800,2.7348,44.2969, 5.43,G,,
801,2.7242,27.7072, 4.66,B,,
803,2.7309,25.6381, 6.35,A,,
808,2.7386,17.7639, 6.46,K,,
809,2.7425,15.3117, 5.77,B,,
812,2.7493,12.4458, 5.18,A,,
813,2.7490,10.1142, 4.27,F,,
815,2.8154,69.6342, 6.18,A,,
819,2.7829,35.9836, 6.25,G,,
820,2.7843,35.5550, 6.30,A,,
824,2.7985,29.2472, 4.51,K,,
825,2.8252,57.0842, 6.25,A,,
828,2.8089,18.2836, 5.82,K,,
829,2.8663,68.8886, 5.80,F,,
830,2.8127,25.1881, 5.86,A,,
831,2.8242,37.3261, 6.45,F,,
834,2.8449,55.8956, 3.76,K,,
836,2.8215,17.4642, 5.22,B,,
838,2.8331,27.2606, 3.63,B,,
839,2.8626,58.3147, 6.45,A,,
840,2.8431,38.3186, 4.23,F,,
842,2.8616,46.8419, 5.88,G,,
843,2.8586,35.0597, 4.53,K,,
846,2.8811,52.9978, 6.36,B,,
847,2.8582,15.0819, 5.49,B,,
849,2.8892,48.5694, 6.26,G,,
854,2.9043,52.7625, 3.95,G,,
855,2.8952,38.3375, 5.33,F,,
856,2.8866,16.4833, 6.31,F,,
860,2.9325,61.5211, 5.59,F,,
861,2.9402,64.3325, 6.24,K,,
864,2.9474,51.2608, 6.22,K,,
865,2.9426,47.1639, 6.02,K,,
867,2.9301,18.3317, 5.91,M,,
869,2.9406,18.0231, 5.63,F,,
870,2.9372,8.3817, 5.97,F,,
873,2.9548,31.9342, 5.11,B,,
876,2.9673,38.6150, 6.04,K,,
877,2.9513,4.5011, 6.11,M,,
878,2.9681,20.6686, 5.80,F,,
879,2.9794,39.6628, 4.70,A,,
881,3.1022,79.4186, 5.49,M,,
882,2.9844,35.1831, 4.93,K,,
885,2.9972,47.2208, 5.47,G,,
886,2.9944,41.0331, 5.89,K,,
887,2.9869,21.3403, 4.63,A,,
888,2.9869,21.3403, 4.63,A,,
890,3.0145,52.3517, 5.28,B,,
891,3.0148,52.3522, 6.74,B,,
894,3.0033,38.1317, 6.11,B,,
896,2.9952,8.9075, 4.70,B,,
902,3.0122,10.8703, 5.95,K,,
905,3.0317,26.4622, 5.90,A,,
906,3.1952,81.4706, 5.95,A,,
908,3.0312,5.3361, 6.25,K,,
910,3.0396,4.3528, 5.61,B,,
911,3.0380,4.0897, 2.53,M,,
915,3.0799,53.5064, 2.93,G,,
916,3.0584,28.2697, 6.36,F,,
918,3.0923,56.7058, 4.76,G,,
920,3.0944,56.0686, 6.11,G,,
921,3.0863,38.8403, 3.39,M,,
922,3.1219,64.0578, 5.89,B,,
923,3.0891,40.5825, 6.05,K,,
924,3.0780,15.8561, 6.49,K,,
926,3.0773,1.8636, 6.05,K,,
927,3.0908,25.2553, 6.8 ,B,,
928,3.0908,25.2553, 7.0 ,B,,
930,3.1344,52.2133, 6.31,B,,
931,3.1066,13.1872, 5.62,K,,
932,3.1990,74.3936, 4.87,A,,
933,3.1298,47.3083, 6.41,A,,
936,3.1361,40.9556, 2.12,B,,
937,3.1511,49.6133, 4.05,G,,
938,3.1238,17.8800, 6.11,B,,
940,3.1392,18.7950, 6.27,M,,
941,3.1583,44.8572, 3.80,K,,
942,3.1441,8.4708, 6.28,G,,
944,3.1602,29.0769, 5.72,B,,
945,3.1691,27.8200, 6.42,A,,
946,3.1742,26.8964, 6.02,K,,
947,3.1882,39.6117, 4.63,K,,
948,3.1775,11.8725, 5.98,B,,
949,3.2073,47.7258, 6.33,K,,
950,3.2027,42.3761, 6.15,B,,
951,3.1938,19.7267, 4.35,K,,
952,3.1894,13.0478, 6.12,K,,
954,3.2039,27.2569, 5.79,B,,
956,3.2233,48.1769, 5.90,G,,
958,3.2073,6.6608, 5.56,K,,
961,3.3388,77.7347, 5.45,A,,
964,3.2633,57.1408, 5.79,A,,
965,3.5389,84.9111, 5.61,G,,
966,3.2491,42.5039, 6.07,K,,
967,3.2921,65.6586, 6.36,A,,
969,3.2701,50.9378, 5.03,G,,
971,3.2557,30.5567, 5.52,A,,
972,3.2484,21.0444, 4.89,A,,
973,3.2680,45.3458, 6.16,M,,
975,3.2631,32.8564, 6.31,F,,
976,3.2672,34.6886, 6.25,A,,
978,3.2764,32.1836, 6.06,G,,
979,3.2865,40.4833, 6.45,B,,
982,3.2965,44.0250, 5.47,B,,
985,3.3332,65.6522, 4.84,B,,
986,3.2961,39.2833, 5.96,A,,
987,3.3105,50.2222, 5.15,B,,
989,3.3188,50.0950, 5.03,B,,
991,3.3122,34.2228, 4.82,K,,
995,3.3322,27.0711, 5.90,G,,
999,3.3390,29.0483, 4.47,K,,
1000,3.3404,25.6628, 6.12,K,,
1001,3.3646,49.0708, 5.93,F,,
1002,3.3574,43.3294, 4.95,A,,
1005,3.3538,21.1469, 5.28,B,,
1009,3.4112,64.5861, 5.23,M,,
1011,3.3870,49.2133, 5.29,B,,
1012,3.3700,27.6075, 5.52,G,,
1015,3.3792,20.7419, 5.09,K,,
1017,3.4054,49.8611, 1.79,F,,
1019,3.4082,33.5358, 5.61,A,,
1020,3.4301,53.9217, 6.51,A,,
1022,3.4051,24.7242, 5.50,K,,
1026,3.4193,41.2572, 6.51,A,,
1027,3.4072,20.8036, 6.08,A,,
1028,3.4028,12.6294, 6.04,K,,
1029,3.4326,49.1208, 6.09,B,,
1030,3.4136,9.0289, 3.60,G,,
1032,3.5054,71.8639, 6.32,M,,
1033,3.4732,60.2556, 6.49,B,,
1034,3.4675,49.0628, 4.98,B,,
1035,3.4845,59.9403, 4.21,B,,
1036,3.4509,18.7564, 6.57,A,,
1037,3.4812,49.8483, 5.58,B,,
1038,3.4528,9.7328, 3.74,B,,
1039,3.4552,12.7350, 6.28,A,,
1040,3.4986,58.8786, 4.54,A,,
1041,3.4724,33.8075, 5.61,A,,
1043,3.5031,59.3661, 6.13,A,,
1044,3.4895,49.5089, 4.67,B,,
1046,3.5001,55.4519, 5.09,A,,
1047,3.4906,46.9378, 6.24,B,,
1048,3.4741,22.8042, 6.03,K,,
1051,3.5103,48.1036, 5.82,B,,
1052,3.5096,47.9953, 4.36,K,,
1055,3.5868,73.3469, 6.57,A,,
1056,3.5248,49.2097, 6.29,A,,
1059,3.5303,49.4008, 6.39,B,,
1061,3.5068,11.3364, 5.14,A,,
1063,3.5357,48.0236, 5.47,B,,
1065,3.5224,27.5719, 5.96,A,,
1066,3.5146,12.9367, 4.11,K,,
1068,3.5589,58.7650, 6.40,A,,
1069,3.5406,46.0569, 5.31,F,,
1071,3.5614,57.8689, 6.37,F,,
1072,3.5442,44.8556, 6.41,B,,
1073,3.5608,54.9747, 5.98,A,,
1074,3.5444,35.4617, 5.90,B,,
1077,3.5836,60.0411, 6.46,F,,
1078,3.5597,39.8994, 5.81,A,,
1080,3.6569,75.7397, 6.27,G,,
1085,3.5690,17.8328, 6.17,K,,
1086,3.5741,24.4644, 5.92,A,,
1087,3.6082,48.1928, 4.23,B,,
1094,3.6388,56.9328, 6.30,B,,
1097,3.6334,42.5831, 6.42,B,,
1102,3.6299,15.4308, 6.39,A,,
1103,3.6500,20.9158, 6.50,A,,
1105,3.7026,63.2167, 5.10,S,,
1107,4.1671,86.6261, 5.86,F,,
1110,3.6571,16.5367, 6.16,K,,
1112,3.7119,59.9694, 5.76,K,,
1113,3.6855,37.5800, 5.57,B,,
1118,3.6795,25.3294, 6.11,A,,
1122,3.7154,47.7875, 3.01,B,,
1123,3.7063,33.9650, 4.97,B,,
1124,3.7669,67.2017, 5.80,F,,
1126,3.7053,19.7003, 5.69,B,,
1127,3.7351,48.5236, 6.06,K,,
1129,3.7673,63.3450, 4.80,G,,
1130,3.7447,46.0997, 6.11,A,,
1131,3.7386,32.2883, 3.83,B,,
1132,3.7298,19.6650, 6.14,G,,
1133,3.7421,36.4600, 5.59,A,,
1135,3.7532,42.5786, 3.77,F,,
1137,3.7411,20.9286, 6.10,A,,
1138,3.8205,70.8711, 5.44,A,,
1140,3.7467,24.2894, 5.46,B,,
1141,3.7665,45.6819, 5.66,B,,
1142,3.7479,24.1133, 3.70,B,,
1144,3.7527,24.8392, 5.64,B,,
1145,3.7535,24.4672, 4.30,B,,
1147,3.7923,55.9225, 6.10,B,,
1148,3.8393,71.3322, 4.63,A,,
1149,3.7638,24.3678, 3.87,B,,
1151,3.7651,24.5547, 5.76,B,,
1152,3.7675,24.5281, 6.43,A,,
1155,3.8253,65.5261, 4.47,M,,
1156,3.7721,23.9483, 4.18,B,,
1158,3.8269,63.2972, 5.85,A,,
1160,3.8051,50.7367, 6.14,B,,
1161,3.8221,57.1181, 6.46,A,,
1163,3.7979,33.6000, 6.57,B,,
1164,3.7969,32.1950, 6.25,G,,
1165,3.7914,24.1050, 2.87,B,,
1166,3.8616,68.5075, 6.32,B,,
1170,3.8189,43.9631, 6.02,A,,
1172,3.8058,23.4211, 5.45,B,,
1176,3.8346,44.9678, 5.66,G,,
1177,3.8257,33.0914, 5.11,A,,
1178,3.8194,24.0533, 3.63,B,,
1180,3.8198,24.1367, 5.09,B,,
1183,3.8287,23.7117, 6.17,B,,
1185,3.8319,22.2444, 6.07,B,,
1188,3.8386,25.5794, 5.26,A,,
1191,3.8649,34.3592, 5.77,B,,
1192,3.8954,57.9750, 5.80,A,,
1193,3.8602,22.0317, 6.83,K,,
1196,3.9417,71.8217, 6.34,A,,
1197,3.8679,31.1683, 6.25,A,,
1198,3.8941,48.6506, 5.76,K,,
1201,3.8861,17.3269, 5.97,F,,
1203,3.9022,31.8836, 2.85,B,,
1204,3.9571,63.0722, 5.03,B,,
1205,3.9523,61.1089, 5.00,K,,
1207,3.9328,47.8714, 5.37,B,,
1209,3.9231,31.0458, 6.10,O,,
1210,3.9435,50.6953, 5.28,F,,
1215,3.9413,35.0811, 5.49,B,,
1218,3.9478,22.4781, 5.63,F,,
1220,3.9642,40.0103, 2.89,B,,
1221,3.9511,23.1756, 6.06,B,,
1222,3.9573,24.4619, 6.16,K,,
1223,3.9675,34.8144, 6.53,A,,
1226,3.9748,38.8403, 6.30,K,,
1228,3.9828,35.7911, 4.04,O,,
1229,3.9944,38.8206, 6.38,A,,
1230,4.1674,80.6986, 5.10,G,,
1234,4.0207,36.9900, 6.41,A,,
1237,4.0103,17.2967, 6.32,A,,
1238,4.0136,18.1939, 5.89,F,,
1241,4.1009,68.6800, 5.87,K,,
1242,4.0742,59.1556, 5.06,F,,
1248,4.1108,65.5208, 6.17,A,,
1252,4.0727,24.1058, 5.47,G,,
1255,4.1102,54.0086, 6.31,K,,
1256,4.0782,22.0819, 4.36,K,,
1260,4.1309,62.3300, 6.99,B,,
1261,4.1097,50.3514, 4.29,A,,
1262,4.0889,22.0089, 5.90,G,,
1268,4.1101,27.6000, 5.20,B,,
1269,4.1168,29.0014, 5.23,F,,
1270,4.1577,59.9081, 6.28,G,,
1273,4.1444,47.7125, 4.04,B,,
1276,4.1562,54.8289, 6.18,F,,
1277,4.1376,37.7278, 6.09,K,,
1278,4.1435,38.0397, 5.51,F,,
1281,4.2291,72.1264, 6.03,K,,
1282,4.2143,68.5017, 6.32,K,,
1283,4.1528,19.6092, 5.50,K,,
1286,4.1831,33.5867, 5.72,K,,
1287,4.1805,26.4808, 5.41,F,,
1289,4.4703,83.8078, 5.57,B,,
1296,4.2505,57.4603, 6.08,A,,
1297,4.2142,22.4136, 6.12,B,,
1301,4.2332,37.9669, 6.45,G,,
1303,4.2483,48.4094, 4.14,G,,
1304,4.5000,83.3406, 5.46,G,,
1305,4.2816,61.8503, 5.70,B,,
1306,4.2481,40.4836, 4.71,G,,
1313,4.2856,57.8606, 5.71,K,,
1314,4.2786,53.6119, 5.19,A,,
1317,4.4508,80.8242, 5.43,G,,
1324,4.3041,50.2956, 4.61,A,,
1327,4.3445,65.1406, 5.27,G,,
1328,4.3023,42.1411, 6.22,B,,
1329,4.2877,20.5786, 4.94,A,,
1330,4.3204,50.0489, 5.45,A,,
1331,4.3064,21.5792, 5.65,F,,
1333,4.3365,50.9208, 5.55,B,,
1335,4.3632,60.7356, 5.39,M,,
1337,4.3373,41.8081, 5.92,K,,
1339,4.3239,21.1422, 5.35,B,,
1341,4.3269,21.7736, 5.38,A,,
1342,4.3644,56.5067, 5.88,A,,
1343,4.3402,34.5667, 4.93,G,,
1344,4.3361,31.9533, 6.16,K,,
1348,4.3392,27.3508, 4.95,K,,
1350,4.3592,46.4989, 4.85,B,,
1352,4.3827,59.6164, 6.19,A,,
1369,4.3764,25.6292, 5.37,B,,
1370,4.3730,20.8214, 5.91,M,,
1371,4.3933,42.4281, 6.23,A,,
1375,4.3923,20.9822, 5.99,B,,
1377,4.4081,34.1306, 5.73,B,,
1378,4.3999,24.3011, 6.36,B,,
1379,4.4104,33.9597, 5.76,F,,
1382,4.4503,57.5853, 6.32,A,,
1387,4.4228,22.2939, 4.22,A,,
1388,4.4236,22.1997, 5.28,A,,
1390,4.4351,31.4389, 5.28,K,,
1392,4.4385,22.8136, 4.28,A,,
1399,4.4549,22.9964, 5.53,B,,
1401,4.5585,72.5286, 5.94,A,,
1403,4.4669,21.6200, 5.72,A,,
1406,4.4811,30.3614, 6.40,F,,
1417,4.5338,53.9108, 5.77,B,,
1419,4.5106,32.4581, 6.21,B,,
1424,4.5233,40.0103, 6.26,B,,
1434,4.5569,43.0639, 6.09,F,,
1440,4.6067,64.2617, 5.94,A,,
1445,4.5772,28.9611, 5.88,B,,
1454,4.6115,41.2647, 4.25,K,,
1459,4.6081,23.3408, 6.02,F,,
1466,4.6661,53.4731, 5.35,A,,
1467,4.6652,53.0797, 5.05,K,,
1468,4.7668,76.6111, 6.49,F,,
1470,4.6416,26.9400, 6.47,F,,
1477,4.6564,25.2183, 6.22,A,,
1482,4.6900,48.3008, 5.67,A,,
1486,4.7217,59.5208, 6.50,A,,
1489,4.6973,38.2803, 5.99,G,,
1490,4.6888,28.6150, 5.78,A,,
1491,4.8140,75.9411, 6.06,A,,
1493,4.7227,49.9739, 5.87,B,,
1494,4.7151,43.3650, 5.29,A,,
1497,4.7041,22.9569, 4.28,B,,
1499,4.7205,24.0889, 6.13,F,,
1500,4.7369,40.7869, 6.08,B,,
1501,4.7301,32.8653, 6.45,A,,
1510,4.8434,70.9417, 6.37,A,,
1511,4.8001,56.7572, 5.30,A,,
1512,4.7618,23.6281, 6.35,B,,
1514,4.7790,40.3128, 5.97,G,,
1515,4.8019,55.6025, 6.26,F,,
1523,5.0057,81.1939, 5.07,K,,
1527,4.8681,63.5053, 5.44,M,,
1528,4.8219,32.5883, 5.86,A,,
1529,4.8202,31.4372, 5.58,K,,
1533,4.8318,37.4883, 4.88,K,,
1535,4.8526,48.7408, 5.66,G,,
1542,4.9008,66.3428, 4.29,O,,
1546,4.8861,52.8408, 6.41,A,,
1550,4.8799,42.5867, 5.71,A,,
1551,4.8772,36.7031, 4.78,K,,
1554,4.8798,27.8975, 5.97,F,,
1555,4.9175,55.2592, 5.52,B,,
1558,4.9143,44.0608, 6.08,A,,
1561,4.9353,52.8694, 5.75,A,,
1568,4.9548,53.7522, 4.47,A,,
1572,5.0389,74.2692, 6.06,K,,
1573,4.9389,36.1689, 6.07,B,,
1575,4.9377,24.5922, 6.37,F,,
1577,4.9499,33.1661, 2.69,K,,
1586,4.9635,23.9486, 5.79,G,,
1587,5.0703,73.7639, 6.66,K,,
1588,4.9962,53.1556, 6.08,K,,
1589,5.0777,74.0669, 5.96,A,,
1590,4.9693,25.0503, 5.81,A,,
1592,4.9876,37.8903, 4.94,A,,
1593,5.0266,61.0781, 6.03,F,,
1594,5.0473,66.8228, 6.19,F,,
1599,5.0051,39.3947, 5.95,F,,
1602,5.0064,39.6550, 6.58,K,,
1603,5.0570,60.4422, 4.03,G,,
1605,5.0328,43.8233, 2.99,F,,
1612,5.0413,41.0758, 3.75,K,,
1615,5.0552,41.4417, 6.14,A,,
1616,5.5300,85.9386, 6.51,A,,
1622,5.1024,58.9725, 5.08,B,,
1623,5.1034,59.0211, 6.08,K,,
1624,5.1082,61.1700, 6.04,K,,
1626,5.0707,30.4947, 6.14,K,,
1627,5.0769,32.3203, 6.62,A,,
1630,5.1061,54.4058, 7.24,G,,
1632,5.0772,27.6961, 6.60,F,,
1636,5.1602,69.6394, 6.41,K,,
1637,5.1113,51.5978, 5.00,F,,
1639,5.1002,35.9364, 6.52,A,,
1641,5.1086,41.2344, 3.17,B,,
1643,5.2062,73.9467, 5.43,B,,
1644,5.1138,43.1747, 6.20,F,,
1647,5.1624,64.9194, 6.41,F,,
1650,5.2432,76.4728, 6.37,A,,
1668,5.1786,46.9622, 5.68,F,,
1669,5.1719,37.3019, 6.02,K,,
1670,5.1625,28.0306, 6.01,A,,
1675,5.2176,61.8500, 6.17,A,,
1678,5.2254,62.6914, 6.50,A,,
1683,5.3037,73.2681, 5.74,A,,
1686,5.3760,79.2311, 5.05,F,,
1688,5.2531,59.4056, 6.15,K,,
1689,5.2238,38.4844, 4.86,A,,
1692,5.2456,53.2139, 6.20,A,,
1706,5.2568,32.6878, 5.02,A,,
1707,5.2883,53.5861, 6.5 ,M,,
1708,5.2782,45.9981, 0.08,G,,
1712,5.2717,34.3119, 5.96,O,,
1714,5.7302,85.6681, 6.60,A,,
1719,5.3244,58.1172, 6.13,B,,
1720,5.3396,62.6536, 5.61,K,,
1722,5.3044,42.7922, 5.48,M,,
1725,5.3112,40.4650, 6.18,K,,
1726,5.3030,33.3717, 4.54,K,,
1728,5.3053,33.7672, 6.14,B,,
1729,5.3190,40.0992, 4.71,G,,
1732,5.3167,33.7483, 5.41,A,,
1733,5.3340,44.4256, 6.62,K,,
1734,5.3232,33.9856, 6.49,A,,
1736,5.3442,46.9639, 6.54,G,,
1738,5.3374,41.0861, 5.52,A,,
1740,5.3336,33.9581, 5.03,A,,
1745,5.4905,77.9775, 6.56,A,,
1749,5.3634,41.8044, 5.23,B,,
1750,5.3498,27.9572, 6.33,B,,
1751,5.3911,57.5444, 5.28,A,,
1752,5.3535,29.5700, 5.76,A,,
1760,5.3806,41.0294, 5.54,A,,
1768,5.3897,28.9367, 6.46,B,,
1773,5.4109,37.3856, 4.99,K,,
1775,5.4106,31.2239, 6.28,K,,
1776,5.4107,31.1431, 5.94,B,,
1779,5.4203,34.8553, 6.55,K,,
1791,5.4382,28.6075, 1.65,B,,
1794,5.4484,35.4572, 6.15,K,,
1795,5.4469,34.3917, 5.94,A,,
1796,5.4476,33.2628, 6.15,K,,
1802,5.5028,63.0672, 5.42,M,,
1804,5.4523,30.2086, 5.74,B,,
1805,5.4608,34.4758, 5.07,K,,
1822,5.4946,29.1864, 6.24,F,,
1824,5.5135,41.4619, 6.00,K,,
1825,5.5125,39.8258, 6.37,G,,
1828,5.5427,57.2211, 6.48,F,,
1843,5.5455,32.1919, 4.76,B,,
1844,5.6621,75.0439, 6.17,M,,
1846,5.5580,42.1089, 6.55,B,,
1850,5.5576,32.8011, 6.48,A,,
1853,5.6212,66.6961, 6.26,A,,
1854,5.5606,34.7258, 6.27,A,,
1857,5.6209,64.1547, 6.15,A,,
1866,5.6098,54.4289, 5.73,M,,
1869,5.6044,47.7153, 6.11,F,,
1878,5.5987,27.6622, 6.27,K,,
1884,5.6146,40.1822, 6.09,G,,
1885,6.0223,85.1822, 6.11,M,,
1902,5.6191,26.9242, 5.83,B,,
1904,5.6294,33.5592, 6.33,K,,
1914,5.6439,30.4925, 5.40,F,,
1916,5.7073,65.6978, 5.60,K,,
1921,5.6493,26.6178, 6.37,G,,
1924,5.6551,29.2153, 5.96,B,,
1925,5.6890,53.4811, 6.23,K,,
1938,5.6766,31.3581, 6.04,B,,
1939,5.6784,31.9208, 6.11,M,,
1941,5.7171,56.5817, 6.05,K,,
1943,5.7357,61.4767, 6.15,G,,
1945,5.6892,29.4875, 6.43,B,,
1969,5.7751,56.1156, 5.94,A,,
1971,5.7650,49.8264, 5.47,A,,
1974,5.7637,40.5072, 6.58,A,,
1976,5.8180,62.8081, 6.13,A,,
1979,5.7874,42.5267, 6.29,K,,
1992,5.8428,56.9189, 6.54,A,,
1994,5.8821,68.4714, 6.20,G,,
1995,5.8196,39.1811, 4.52,G,,
2003,5.8490,51.5147, 6.29,K,,
2006,5.8715,58.9642, 6.14,A,,
2011,5.8507,37.3056, 4.74,M,,
2012,5.8582,39.1486, 3.97,G,,
2013,5.8495,27.9678, 5.56,G,,
2018,5.8571,32.1250, 6.25,M,,
2025,5.8776,39.5744, 6.45,A,,
2027,5.9161,59.8883, 5.20,A,,
2028,5.8778,33.9175, 5.98,M,,
2029,5.9141,55.7069, 4.99,A,,
2034,5.8888,27.6122, 4.58,A,,
2041,5.9597,66.0961, 6.25,K,,
2045,5.9373,51.8039, 6.49,A,,
2046,5.9164,31.7017, 5.90,A,,
2054,5.9514,49.0294, 6.47,G,,
2066,5.9427,28.9422, 6.32,A,,
2077,5.9921,54.2847, 3.72,K,,
2078,6.0859,75.5858, 6.40,K,,
2079,5.9960,55.3208, 6.44,A,,
2080,5.9967,54.5472, 6.14,K,,
2081,5.9894,49.9244, 5.89,G,,
2088,5.9921,44.9475, 1.90,A,,
2091,5.9989,45.9369, 4.26,M,,
2095,5.9954,37.2125, 2.62,A,,
2096,6.0053,44.5919, 6.22,K,,
2101,6.0163,47.9019, 5.73,B,,
2105,6.0286,48.9594, 5.96,K,,
2110,6.0195,31.0347, 5.98,A,,
2111,6.0168,27.5722, 6.05,B,,
2112,6.0469,49.9056, 6.05,B,,
2115,6.0482,43.3786, 6.42,K,,
2119,6.0550,42.9117, 6.10,K,,
2121,6.0856,59.3931, 6.34,K,,
2122,6.0486,32.6358, 6.24,F,,
2123,6.0747,51.5733, 6.45,A,,
2126,6.1109,63.4536, 6.39,K,,
2132,6.0843,42.9817, 5.87,F,,
2137,6.0841,37.9642, 6.34,K,,
2139,6.0928,33.5992, 6.23,B,,
2141,6.1024,35.3875, 6.12,G,,
2143,6.1098,38.4828, 5.36,A,,
2146,6.1062,29.5125, 6.08,M,,
2147,6.1241,41.8542, 6.12,K,,
2152,6.1664,58.9358, 5.36,G,,
2153,6.1397,41.0556, 6.36,G,,
2165,6.2142,65.7183, 5.32,K,,
2172,6.1961,52.6472, 6.30,A,,
2175,6.1935,48.7131, 6.82,A,,
2176,6.1935,48.7111, 6.09,A,,
2188,6.2293,51.1725, 6.04,K,,
2189,6.2056,32.6933, 5.78,M,,
2201,6.2613,59.9992, 5.35,K,,
2209,6.3141,69.3197, 4.80,A,,
2215,6.2986,61.5153, 4.98,M,,
2217,6.2608,36.1486, 6.92,F,,
2219,6.2563,29.4981, 4.35,G,,
2228,6.2930,46.4242, 6.52,F,,
2238,6.3271,59.0108, 4.48,A,,
2239,6.3047,46.3606, 6.38,K,,
2257,6.3677,59.3722, 5.94,A,,
2264,6.3628,53.4522, 5.36,F,,
2272,6.3534,29.5411, 6.43,A,,
2285,6.4707,70.5356, 5.97,A,,
2289,6.4150,49.2881, 4.91,K,,
2291,6.4405,56.2850, 5.64,A,,
2293,6.4469,58.4172, 5.21,K,,
2297,6.4146,29.7072, 6.71,B,,
2314,6.4642,47.4053, 6.56,A,,
2319,6.4599,32.5631, 6.43,K,,
2331,6.5131,58.1628, 5.88,K,,
2332,6.4761,30.4931, 5.55,F,,
2338,6.5008,46.6856, 5.90,K,,
2339,6.4824,26.9678, 6.47,F,,
2346,6.6713,79.5994, 6.54,A,,
2350,6.7417,82.1153, 6.65,A,,
2363,6.6747,77.9958, 5.73,K,,
2365,6.6319,73.6956, 6.24,F,,
2372,6.5409,32.4547, 5.87,A,,
2376,6.5758,55.3531, 6.45,K,,
2383,6.5619,33.0242, 6.42,A,,
2394,6.6282,61.4811, 5.94,G,,
2396,6.6756,71.7489, 5.92,K,,
2398,6.5867,28.0222, 5.27,A,,
2401,6.7706,79.5647, 5.45,F,,
2402,6.6274,56.8575, 5.85,A,,
2405,6.6091,38.4453, 5.29,C,,
2419,6.6443,39.3908, 5.69,K,,
2420,6.6470,39.9025, 5.20,B,,
2425,6.6397,28.9842, 5.79,B,,
2427,6.6555,42.4889, 4.79,K,,
2434,6.6661,44.0139, 6.41,K,,
2438,6.6592,28.2631, 6.03,B,,
2452,6.6938,35.9319, 6.46,F,,
2453,6.6892,28.1964, 6.42,G,,
2459,6.7181,44.5244, 5.02,K,,
2463,6.7366,53.2964, 6.27,K,,
2464,6.7205,37.1469, 6.19,K,,
2470,6.7706,59.4417, 4.87,A,,
2471,6.7368,36.1097, 6.31,A,,
2477,6.7804,57.1692, 5.35,K,,
2480,6.7460,28.9708, 5.44,K,,
2483,6.7790,43.5775, 5.25,G,,
2485,6.8036,55.7044, 6.33,F,,
2486,6.8034,55.7044, 6.28,F,,
2487,6.7943,48.7894, 5.22,K,,
2490,6.8492,67.5719, 5.14,B,,
2511,6.8951,68.8883, 5.12,B,,
2512,6.8281,32.6067, 5.71,K,,
2516,6.8461,41.7814, 5.02,K,,
2520,6.8847,59.4486, 5.33,G,,
2527,7.0011,76.9775, 4.55,K,,
2532,6.8854,44.8394, 6.26,A,,
2539,6.8837,38.8692, 6.12,F,,
2540,6.8798,33.9611, 3.60,A,,
2541,6.8871,38.4381, 6.30,F,,
2542,6.8843,35.7886, 6.01,K,,
2547,6.8992,38.5050, 6.48,B,,
2556,6.9209,45.8264, 6.34,K,,
2557,6.9207,43.9100, 6.13,A,,
2560,6.9546,58.4225, 4.35,G,,
2561,6.9537,57.5633, 6.05,K,,
2568,6.9423,46.2742, 5.87,B,,
2569,6.9218,25.3756, 5.73,G,,
2573,6.9489,46.7050, 5.86,K,,
2581,7.0226,70.8081, 5.68,K,,
2585,6.9603,45.0942, 4.90,A,,
2586,6.9501,33.6811, 5.89,G,,
2600,6.9841,38.0522, 6.00,K,,
2601,6.9798,26.0811, 6.10,F,,
2605,6.9911,25.9142, 6.40,B,,
2609,7.6751,87.0200, 5.07,M,,
2617,7.0977,70.7319, 6.50,K,,
2620,7.0214,32.4144, 6.59,A,,
2630,7.0402,24.2153, 5.18,G,,
2642,7.1004,59.8019, 6.44,G,,
2643,7.0584,29.3372, 5.93,G,,
2644,7.0944,52.7581, 6.12,A,,
2645,7.0858,47.7750, 6.38,B,,
2660,7.1032,34.4739, 5.55,G,,
2665,7.1229,34.0094, 5.91,K,,
2669,7.1236,28.1772, 6.48,B,,
2673,7.1370,33.8322, 6.28,K,,
2675,7.1434,37.4450, 6.16,K,,
2681,7.2328,71.8167, 6.35,K,,
2696,7.1943,39.3206, 4.90,K,,
2697,7.1857,30.2453, 4.41,K,,
2700,7.1898,26.8567, 5.78,A,,
2703,7.2232,51.4289, 5.47,M,,
2706,7.2073,24.1283, 5.85,F,,
2709,7.4228,81.2575, 6.31,A,,
2711,7.2136,27.2247, 6.43,F,,
2715,7.2652,59.6375, 5.20,K,,
2721,7.2639,47.2400, 5.58,G,,
2722,7.2407,24.7108, 6.89,A,,
2725,7.2450,24.8850, 5.82,M,,
2737,7.2927,52.1308, 5.92,K,,
2738,7.2659,27.8975, 5.71,M,,
2742,7.5179,82.4114, 4.96,M,,
2751,7.3089,49.4650, 5.05,A,,
2753,7.3006,40.8833, 5.78,A,,
2757,7.3011,30.9558, 6.24,A,,
2772,7.3714,59.9019, 6.35,A,,
2775,7.3509,42.6556, 6.35,K,,
2776,7.3549,45.2281, 5.77,A,,
2783,7.3808,55.2844, 6.53,B,,
2784,7.3811,55.2814, 5.45,B,,
2792,7.3704,38.9961, 6.40,K,,
2793,7.3674,36.7606, 5.13,K,,
2797,7.5777,80.8967, 6.41,G,,
2804,7.4159,51.8872, 5.80,K,,
2805,7.4024,40.6722, 5.19,K,,
2808,7.3913,25.0506, 5.03,G,,
2809,7.4572,66.3317, 6.47,B,,
2810,7.3912,22.9453, 6.02,A,,
2816,7.4093,27.6381, 5.76,F,,
2818,7.4452,49.2114, 4.64,A,,
2821,7.4288,27.7981, 3.79,G,,
2830,7.5146,68.4656, 5.64,K,,
2835,7.4473,21.5358, 6.54,F,,
2844,7.4810,48.1839, 5.72,B,,
2846,7.4623,21.4450, 5.22,F,,
2849,7.4989,49.6725, 5.36,F,,
2852,7.4852,31.7844, 4.18,F,,
2857,7.4890,28.1181, 5.05,A,,
2861,7.4969,27.9161, 5.01,K,,
2872,7.5321,38.8964, 6.54,A,,
2879,7.5474,22.8878, 6.54,K,,
2890,7.5767,31.8886, 2.88,A,,
2891,7.5767,31.8883, 1.98,A,,
2894,7.6131,55.7553, 5.92,K,,
2896,7.5857,30.9611, 5.33,K,,
2898,7.5989,43.0311, 6.30,F,,
2903,7.6088,46.1803, 5.65,M,,
2905,7.5987,26.8958, 4.06,M,,
2914,7.6316,48.7736, 5.92,A,,
2915,7.6216,40.0253, 6.38,M,,
2924,7.6424,35.0486, 5.56,K,,
2926,7.6374,24.3603, 6.27,F,,
2929,7.6804,57.0828, 6.06,K,,
2930,7.6528,34.5842, 4.90,F,,
2931,7.6533,24.2225, 6.17,A,,
2935,7.6707,38.3444, 5.73,M,,
2936,7.6650,32.0097, 6.17,F,,
2939,7.6868,48.1317, 5.56,K,,
2946,7.7168,58.7103, 4.99,A,,
2951,7.6829,23.0186, 5.89,K,,
2962,7.7121,34.0003, 6.02,F,,
2969,7.7345,50.4339, 5.27,A,,
2973,7.7219,28.8836, 4.28,K,,
2975,7.7778,65.4558, 5.92,K,,
2977,7.7743,62.8306, 6.49,F,,
2978,7.7228,22.3994, 6.21,K,,
2983,7.7352,25.7842, 5.31,K,,
2985,7.7408,24.3981, 3.57,G,,
2990,7.7553,28.0261, 1.14,K,,
2991,7.7526,20.3164, 6.33,A,,
2997,7.9381,80.2656, 6.56,G,,
2999,7.7776,37.5175, 5.18,M,,
3013,7.7917,33.4156, 5.14,M,,
3021,7.8093,23.1411, 6.18,G,,
3028,7.8516,54.1292, 6.02,F,,
3039,7.8768,55.2094, 6.38,A,,
3040,7.8506,33.2336, 6.03,A,,
3053,7.8657,19.3253, 5.99,K,,
3065,7.9081,47.3861, 6.25,K,,
3066,7.9119,47.5647, 5.45,K,,
3067,7.8916,26.7658, 4.97,A,,
3075,8.0032,73.9181, 5.41,K,,
3077,7.9408,56.5044, 6.72,A,,
3082,8.0797,79.4797, 5.42,A,,
3083,7.9280,35.4128, 6.23,A,,
3086,7.9278,19.8839, 5.35,A,,
3094,7.9713,43.9775, 6.34,K,,
3106,8.0224,59.0475, 5.77,F,,
3108,8.2816,84.0578, 6.49,A,,
3109,8.0284,60.3244, 6.01,A,,
3112,8.0419,63.0903, 6.40,G,,
3119,8.0433,57.2736, 6.49,F,,
3124,8.0155,25.3928, 5.83,G,,
3125,8.0133,19.8161, 6.25,K,,
3127,8.0169,23.5831, 6.34,K,,
3128,8.0131,17.3086, 5.55,K,,
3130,8.0320,35.4131, 6.34,K,,
3132,8.0288,25.0897, 6.31,A,,
3134,8.0251,16.4553, 5.99,B,,
3149,8.0586,27.7942, 4.94,K,,
3158,8.0792,18.8422, 6.15,B,,
3164,8.0936,27.5297, 6.21,A,,
3167,8.1194,43.2603, 6.26,A,,
3169,8.1051,22.6356, 5.99,M,,
3173,8.1409,51.5067, 4.84,A,,
3175,8.1677,58.2481, 5.93,K,,
3176,8.1294,21.5817, 5.30,G,,
3181,8.1564,42.4306, 6.27,K,,
3182,8.2136,68.4742, 5.32,G,,
3191,8.1742,25.5072, 5.73,G,,
3193,8.1893,38.7314, 6.58,G,,
3197,8.4091,82.4308, 6.32,A,,
3198,8.1830,14.6294, 6.23,A,,
3200,8.2306,56.4522, 5.85,G,,
3208,8.2035,17.6478, 5.63,F,,
3209,8.2035,17.6478, 6.02,F,,
3210,8.2037,17.6478, 6.20,G,,
3215,8.2191,29.6567, 5.64,B,,
3216,8.3256,75.7569, 5.54,G,,
3221,8.2640,60.3806, 6.45,A,,
3222,8.2166,16.5142, 6.01,G,,
3224,8.2283,23.1378, 6.56,A,,
3228,8.2364,17.6758, 6.47,A,,
3235,8.2973,59.5711, 5.64,A,,
3236,8.3445,72.4072, 5.98,M,,
3245,8.3215,62.5072, 5.71,G,,
3246,8.3044,54.1436, 6.27,K,,
3254,8.3406,57.7433, 5.89,F,,
3258,8.3414,53.5744, 6.49,F,,
3262,8.3344,27.2178, 5.14,F,,
3263,8.3789,60.6311, 6.41,K,,
3264,8.3392,20.7478, 5.83,K,,
3268,8.3422,24.0222, 5.98,B,,
3275,8.3806,43.1881, 4.25,K,,
3277,8.3968,53.2197, 5.51,A,,
3284,8.3894,18.3322, 5.95,A,,
3287,8.4119,42.0050, 6.02,K,,
3292,8.4180,35.0114, 6.06,K,,
3299,8.4305,17.0461, 6.14,F,,
3303,8.4962,67.2975, 5.88,G,,
3304,8.4410,27.8936, 5.57,K,,
3309,8.4602,45.6531, 6.32,G,,
3310,8.4463,26.9344, 6.32,A,,
3311,8.4464,26.9353, 6.30,A,,
3312,8.4444,24.5342, 7.02,F,,
3313,8.4445,24.5353, 7.81,F,,
3319,8.4455,12.6544, 5.50,M,,
3323,8.5044,60.7181, 3.36,G,,
3329,8.4769,24.1447, 6.10,F,,
3332,8.5482,69.3200, 6.31,K,,
3333,8.4770,14.2108, 5.95,A,,
3348,8.5222,37.2658, 6.18,A,,
3351,8.5426,53.1147, 6.24,K,,
3352,8.6135,74.7236, 6.31,A,,
3354,8.5767,65.1450, 5.47,A,,
3355,8.5251,24.0811, 5.75,F,,
3357,8.5266,18.0944, 5.35,K,,
3360,8.5486,38.0164, 5.90,K,,
3361,8.5318,9.8144, 6.83,B,,
3365,8.5561,36.4364, 6.24,F,,
3366,8.5451,20.4411, 5.33,K,,
3369,8.5500,24.0847, 6.36,G,,
3372,8.5444,10.0661, 6.46,A,,
3376,8.5625,13.2572, 6.28,K,,
3377,8.5788,36.4194, 5.78,A,,
3379,8.6618,73.6297, 6.15,G,,
3387,8.5887,19.5900, 6.58,G,,
3391,8.6532,65.0208, 5.64,G,,
3394,8.6021,15.3136, 6.32,F,,
3400,8.6395,53.4014, 5.66,G,,
3401,8.6528,59.9394, 6.48,A,,
3403,8.6702,64.3278, 4.60,K,,
3405,8.6500,52.9250, 6.42,K,,
3406,8.6183,9.6556, 5.88,A,,
3408,8.6549,52.7117, 5.91,K,,
3409,8.6386,32.8019, 5.94,K,,
3412,8.6348,9.5747, 6.53,A,,
3422,8.6836,45.8339, 5.37,G,,
3423,8.6717,31.9419, 6.10,F,,
3424,8.6568,8.0172, 6.45,K,,
3427,8.6684,20.0078, 6.39,G,,
3428,8.6728,19.6700, 6.44,G,,
3429,8.6742,19.5450, 6.30,A,,
3436,8.7167,46.9011, 6.22,G,,
3449,8.7214,21.4686, 4.66,A,,
3450,8.7201,12.6808, 5.64,A,,
3451,8.7361,36.9181, 6.33,F,,
3461,8.7447,18.1542, 3.94,K,,
3464,8.7559,30.6978, 6.13,G,,
3465,8.7458,10.0817, 5.66,A,,
3469,8.7504,5.6806, 6.13,A,,
3470,8.8137,66.7081, 6.20,B,,
3474,8.7778,28.7653, 6.57,A,,
3475,8.7783,28.7600, 4.02,G,,
3481,8.7822,12.1100, 5.87,A,,
3482,8.7796,6.4189, 3.38,G,,
3492,8.8072,5.8378, 4.36,A,,
3499,8.8423,33.2853, 6.25,F,,
3504,8.8459,18.8322, 6.16,A,,
3505,8.8896,61.9622, 5.73,F,,
3506,8.8850,59.0561, 6.25,F,,
3508,8.8658,43.7267, 5.15,K,,
3509,8.8699,45.3125, 5.99,K,,
3510,8.8504,15.3506, 6.38,G,,
3511,8.8694,42.0025, 5.99,K,,
3519,8.8763,32.4742, 5.66,A,,
3521,8.8746,28.2592, 6.23,M,,
3522,8.8766,28.3308, 5.95,G,,
3526,8.8734,5.3400, 6.33,A,,
3528,8.8988,35.5383, 6.14,A,,
3531,8.9437,64.6039, 5.58,G,,
3532,8.9041,30.5794, 5.39,G,,
3540,8.9277,27.9275, 5.22,G,,
3541,8.9230,17.2314, 6.64,C,,
3545,8.9472,45.6319, 5.74,K,,
3546,8.9418,40.2017, 5.89,F,,
3547,8.9232,5.9456, 3.11,G,,
3550,8.9321,11.6261, 5.41,K,,
3555,8.9491,32.9103, 5.45,A,,
3557,8.9436,4.2367, 6.14,G,,
3558,8.9523,17.1439, 6.17,K,,
3561,8.9541,15.3228, 5.20,A,,
3563,8.9663,30.2336, 6.29,F,,
3565,8.9598,15.5814, 5.67,F,,
3566,8.9743,35.8025, 6.51,A,,
3567,8.9617,9.3878, 6.19,G,,
3569,8.9868,48.0417, 3.14,A,,
3572,8.9748,11.8578, 4.25,A,,
3573,8.9689,1.5417, 6.59,A,,
3575,8.9924,32.4186, 5.20,G,,
3576,9.0424,67.6297, 4.76,M,,
3577,8.9863,18.1347, 6.38,M,,
3579,9.0107,41.7828, 3.97,F,,
3580,9.0086,37.6044, 6.44,K,,
3581,9.2559,84.1811, 6.33,F,,
3586,9.0279,39.7133, 6.36,A,,
3587,9.0234,32.2525, 5.82,A,,
3589,9.0303,27.9028, 6.07,A,,
3590,9.0254,5.6408, 6.07,K,,
3592,9.0668,54.2839, 5.75,A,,
3594,9.0604,47.1567, 3.60,A,,
3595,9.0456,24.4528, 5.45,A,,
3599,9.0458,7.2981, 5.85,K,,
3601,9.0694,27.8983, 6.38,A,,
3603,9.0900,48.5303, 5.95,F,,
3606,9.0820,32.3769, 6.46,A,,
3608,9.1120,59.3444, 6.45,A,,
3609,9.1399,66.8733, 5.14,K,,
3612,9.1088,38.4522, 4.56,G,,
3613,9.0996,5.0922, 4.97,K,,
3616,9.1731,67.1347, 4.80,F,,
3617,9.1241,22.9811, 6.40,F,,
3619,9.1479,51.6047, 4.48,F,,
3620,9.1345,32.5406, 6.50,F,,
3621,9.1334,29.6542, 5.43,G,,
3623,9.1291,10.6681, 5.24,B,,
3624,9.1820,63.5136, 4.67,F,,
3625,9.1475,33.8822, 5.93,F,,
3626,9.1465,26.6292, 5.98,G,,
3627,9.1560,22.0456, 5.14,G,,
3633,9.2342,71.6558, 6.55,G,,
3635,9.1629,11.5644, 6.48,F,,
3639,9.1774,30.9631, 5.95,M,,
3640,9.1725,21.9964, 6.01,G,,
3645,9.2646,72.9461, 5.96,F,,
3648,9.2391,61.4233, 5.13,F,,
3649,9.1988,5.4683, 6.35,A,,
3650,9.2049,14.9961, 6.51,G,,
3652,9.2301,43.2178, 5.32,B,,
3657,9.2270,21.2833, 6.48,A,,
3660,9.2639,56.7414, 5.27,K,,
3662,9.2698,54.0219, 4.83,A,,
3664,9.2540,34.6336, 5.97,G,,
3666,9.3322,74.0164, 6.50,G,,
3669,9.2538,14.9414, 5.34,K,,
3676,9.2920,46.8172, 5.97,A,,
3686,9.3072,35.3642, 5.75,A,,
3689,9.2976,11.5011, 6.41,A,,
3690,9.3141,36.8025, 3.82,A,,
3697,9.3455,51.2661, 6.13,F,,
3698,9.3620,56.6992, 5.47,M,,
3701,9.3498,38.1883, 6.12,F,,
3705,9.3509,34.3925, 3.13,K,,
3707,9.3576,32.9019, 6.16,K,,
3711,9.3543,15.3711, 6.53,A,,
3719,9.4643,75.0983, 6.29,A,,
3722,9.4289,63.9408, 6.28,K,,
3723,9.3922,25.1831, 6.41,G,,
3725,9.4155,51.5739, 6.31,G,,
3727,9.4062,36.5869, 6.67,F,,
3731,9.4109,26.1822, 4.46,K,,
3736,9.4257,16.5856, 6.29,G,,
3743,9.4778,45.6014, 5.41,K,,
3747,9.4966,55.7456, 6.45,F,,
3751,9.6181,81.3264, 4.29,K,,
3757,9.5255,63.0619, 3.67,F,,
3764,9.5120,33.6556, 5.85,G,,
3768,9.5816,72.2056, 5.72,F,,
3769,9.5257,35.1031, 5.37,M,,
3771,9.5747,69.8303, 4.56,G,,
3773,9.5287,22.9681, 4.31,K,,
3774,9.6019,74.3178, 6.46,B,,
3775,9.5476,51.6772, 3.17,F,,
3778,9.5520,49.4386, 6.76,A,,
3782,9.5324,11.2997, 4.97,K,,
3791,9.5584,36.4869, 6.18,K,,
3792,9.5551,28.3681, 6.53,A,,
3797,9.5721,46.9022, 6.52,F,,
3799,9.5804,52.0514, 4.50,A,,
3800,9.5704,36.3975, 4.55,G,,
3804,9.5664,23.4539, 6.25,K,,
3806,9.6323,73.0806, 6.42,F,,
3809,9.5844,39.6214, 4.81,G,,
3811,9.5896,39.9633, 6.76,F,,
3815,9.5943,35.8103, 5.41,G,,
3818,9.5980,14.3797, 6.36,A,,
3820,9.6119,31.1617, 5.56,M,,
3824,9.6578,67.2722, 5.94,K,,
3826,9.6174,16.4378, 5.69,K,,
3829,9.6394,40.2397, 5.25,F,,
3838,9.7041,69.2375, 5.69,G,,
3839,9.7159,72.2525, 5.17,K,,
3843,9.7586,78.1347, 6.23,K,,
3847,9.7883,79.1367, 6.17,F,,
3850,9.6931,31.2781, 5.89,K,,
3851,9.7001,39.7578, 5.62,G,,
3853,9.6940,25.9128, 6.24,K,,
3854,9.7120,48.4311, 6.39,A,,
3855,9.7186,54.3636, 6.47,A,,
3857,9.7119,35.0933, 6.14,F,,
3859,9.7435,64.9839, 6.17,F,,
3861,9.7259,29.9744, 5.64,A,,
3865,9.7654,63.6533, 6.34,F,,
3866,9.7289,14.0217, 5.35,M,,
3869,9.7417,18.8636, 6.50,K,,
3870,9.7755,57.1281, 5.2 ,M,,
3873,9.7642,23.7742, 2.98,G,,
3881,9.8098,46.0211, 5.09,G,,
3885,9.8399,65.5933, 6.31,A,,
3888,9.8498,59.0386, 3.80,F,,
3889,9.8306,21.1794, 6.09,A,,
3894,9.8684,54.0644, 4.59,A,,
3900,9.8647,24.3953, 5.32,A,,
3905,9.8794,26.0069, 3.88,K,,
3911,9.9176,61.1161, 6.27,K,,
3917,9.9286,49.8200, 5.27,A,,
3918,9.9730,72.8794, 5.83,K,,
3922,9.9538,57.4183, 5.93,G,,
3928,9.9614,41.0556, 5.14,F,,
3929,9.9658,45.4144, 6.30,K,,
3934,10.1429,83.9183, 6.37,K,,
3936,9.9739,27.7589, 6.30,F,,
3939,9.9977,56.8119, 5.48,K,,
3942,9.9934,29.6453, 5.73,G,,
3951,10.0169,31.9236, 5.36,G,,
3952,10.0469,21.9492, 5.66,B,,
3954,10.0768,53.8917, 5.74,F,,
3958,10.0862,52.3708, 6.14,A,,
3974,10.1238,35.2447, 4.48,A,,
3979,10.1377,31.6042, 6.24,F,,
3987,10.1830,40.6614, 6.32,K,,
3993,10.1869,37.4019, 5.85,K,,
4006,10.2305,27.1358, 6.04,G,,
4008,10.2521,59.9856, 6.25,M,,
4012,10.2416,21.1678, 6.02,F,,
4014,10.2517,31.4681, 6.46,G,,
4016,10.3003,73.0733, 6.40,F,,
4021,10.2974,71.0606, 6.66,A,,
4024,10.2707,29.3106, 5.35,A,,
4026,10.3006,65.1083, 5.82,A,,
4027,10.2745,28.6825, 6.49,G,,
4030,10.2756,23.5031, 5.97,G,,
4031,10.2782,23.4172, 3.44,F,,
4032,10.2783,25.3714, 5.84,K,,
4033,10.2849,42.9144, 3.45,A,,
4039,10.2874,23.1061, 5.82,F,,
4041,10.3029,27.4153, 6.52,A,,
4044,10.3164,46.7608, 6.43,K,,
4046,10.3241,48.3969, 6.00,K,,
4047,10.3509,68.7475, 5.96,A,,
4048,10.3169,24.7117, 6.40,K,,
4051,10.3374,53.7792, 6.45,F,,
4052,10.3420,54.2169, 6.00,K,,
4057,10.3329,19.8417, 2.61,K,,
4058,10.3329,19.8406, 3.80,G,,
4062,10.4949,84.2522, 5.50,F,,
4067,10.3696,41.2294, 5.76,F,,
4069,10.3721,41.4994, 3.05,M,,
4072,10.4022,65.5664, 4.97,A,,
4075,10.3851,33.9081, 5.90,A,,
4078,10.3949,29.6158, 6.39,G,,
4081,10.4024,33.7186, 5.50,K,,
4084,10.5179,82.5586, 5.26,F,,
4090,10.4319,33.7961, 4.74,F,,
4096,10.4578,41.6008, 6.02,A,,
4098,10.4677,48.7847, 6.44,F,,
4100,10.4647,36.7072, 4.21,G,,
4103,10.4768,45.2122, 6.35,K,,
4106,10.4984,65.6261, 6.32,K,,
4108,10.5074,64.2575, 6.12,A,,
4112,10.5104,55.9806, 4.84,F,,
4113,10.5018,38.9253, 5.77,A,,
4121,10.6005,80.4944, 6.52,G,,
4124,10.5309,32.3794, 5.90,A,,
4126,10.5849,75.7131, 4.84,G,,
4131,10.5621,53.4975, 6.45,A,,
4132,10.5539,40.4256, 4.75,A,,
4137,10.5586,34.9886, 5.58,A,,
4141,10.5860,57.0828, 5.16,F,,
4150,10.6059,36.3269, 6.28,F,,
4165,10.6516,53.6683, 5.52,K,,
4166,10.6453,31.9761, 4.71,G,,
4168,10.6521,37.9100, 5.85,F,,
4176,10.6967,68.4433, 5.75,K,,
4178,10.6991,65.7164, 5.12,K,,
4181,10.7178,69.0761, 5.00,K,,
4184,10.7031,31.6969, 6.02,M,,
4187,10.7287,57.1992, 5.80,A,,
4189,10.7172,26.3256, 5.51,A,,
4191,10.7258,46.2039, 5.18,F,,
4192,10.7236,23.1883, 5.08,A,,
4195,10.7511,67.4114, 6.00,C,,
4202,10.7729,57.3658, 6.34,M,,
4203,10.7644,30.6822, 5.24,A,,
4215,10.8139,65.1322, 6.39,A,,
4223,10.8159,29.4158, 6.15,K,,
4230,10.8316,27.9739, 6.04,F,,
4235,10.8531,56.5822, 5.67,K,,
4236,10.8566,59.3200, 5.58,K,,
4241,10.8752,52.5653, 6.65,G,,
4242,10.8755,52.5036, 6.44,K,,
4243,10.8919,69.8539, 5.93,G,,
4246,10.8929,54.5850, 5.10,K,,
4247,10.8885,34.2150, 3.83,K,,
4248,10.8996,43.1900, 4.71,A,,
4254,10.9117,25.4908, 6.20,A,,
4256,10.9162,34.0347, 5.72,G,,
4258,10.9290,33.5069, 5.03,K,,
4259,10.9269,24.7497, 4.50,A,,
4260,10.9270,24.7489, 6.30,A,,
4264,10.9374,42.0083, 6.03,K,,
4270,10.9429,25.5000, 6.35,K,,
4272,10.9991,77.7700, 6.20,G,,
4275,10.9883,51.8822, 6.17,K,,
4277,10.9911,40.4303, 5.05,G,,
4278,10.9924,36.0931, 6.00,M,,
4280,11.0041,45.5261, 5.47,K,,
4283,11.0071,51.5019, 6.43,G,,
4285,11.0057,42.9114, 6.02,F,,
4286,11.0183,63.4211, 6.39,A,,
4288,11.0140,39.2122, 5.08,F,,
4295,11.0307,56.3825, 2.37,A,,
4301,11.0621,61.7508, 1.79,K,Dubhe,Big Dipper
4309,11.0753,38.2414, 6.00,A,,
4330,11.1611,67.2103, 6.06,F,,
4333,11.1553,36.3094, 5.74,M,,
4335,11.1611,44.4986, 3.01,K,,
4336,11.1607,43.2075, 5.89,M,,
4340,11.2031,68.2719, 6.40,A,,
4344,11.2124,54.8942, 6.63,A,,
4345,11.2089,35.8136, 6.41,G,,
4351,11.2278,41.0886, 6.33,K,,
4363,11.2678,52.7731, 6.50,F,,
4367,11.2783,49.4764, 5.88,K,,
4374,11.3030,31.5292, 4.87,G,,
4375,11.3031,31.5292, 4.41,G,,
4377,11.3080,33.0942, 3.48,K,,
4380,11.3189,38.1856, 4.78,A,,
4383,11.3483,67.1006, 6.21,G,,
4388,11.3637,57.0750, 6.43,A,,
4391,11.3809,64.3306, 6.02,A,,
4392,11.3804,43.4828, 4.99,G,,
4407,11.4325,55.8506, 5.75,K,,
4412,11.4404,33.4506, 6.32,F,,
4421,11.4846,61.7783, 5.83,F,,
4422,11.4845,39.3369, 5.31,A,,
4424,11.4954,56.7375, 6.28,A,,
4427,11.5036,54.3617, 6.41,K,,
4429,11.5307,81.1272, 6.15,A,,
4430,11.5069,46.6575, 6.35,K,,
4431,11.5086,43.1733, 5.94,F,,
4434,11.5234,69.3311, 3.84,M,,
4435,11.5147,47.9292, 6.42,G,,
4436,11.5195,48.7892, 6.56,G,,
4439,11.5391,61.0825, 5.48,F,,
4452,11.5656,36.8156, 6.40,K,,
4457,11.5847,54.7853, 5.63,K,,
4461,11.6008,69.3228, 5.20,K,,
4465,11.6050,27.7811, 5.80,F,,
4474,11.6314,50.6183, 6.14,G,,
4477,11.6391,43.6256, 5.59,F,,
4480,11.6426,46.8342, 6.10,F,,
4481,11.6470,64.3469, 6.46,A,,
4482,11.6423,33.6256, 6.27,K,,
4486,11.6458,45.1086, 6.44,G,,
4493,11.6743,57.9706, 6.37,B,,
4496,11.6842,34.2017, 5.33,G,,
4500,11.6954,55.1725, 6.27,K,,
4501,11.6929,31.7461, 5.73,F,,
4504,11.7079,66.7450, 5.30,K,,
4518,11.7675,47.7794, 3.71,K,,
4521,11.7821,55.6283, 5.27,K,,
4536,11.8283,34.9317, 5.70,F,,
4545,11.8526,33.3750, 6.27,A,,
4550,11.8830,37.7186, 6.45,G,,
4554,11.8972,53.6947, 2.44,A,,
4560,11.9182,46.4769, 6.54,A,,
4561,11.9198,46.4697, 7.03,A,,
4562,11.9206,36.7564, 6.49,M,,
4566,11.9329,56.5986, 5.84,K,,
4569,11.9481,61.5492, 6.22,G,,
4572,11.9541,40.3436, 6.62,F,,
4574,11.9687,32.2739, 6.42,A,,
4575,11.9724,61.4647, 6.76,K,,
4581,11.9882,33.1675, 5.96,K,,
4584,11.9992,34.0350, 6.50,A,,
4586,12.0052,80.8531, 6.17,M,,
4593,12.0276,36.0419, 5.59,K,,
4594,12.0352,43.0456, 5.21,F,,
4606,12.0745,85.5872, 6.27,F,,
4609,12.0875,76.9058, 5.80,G,,
4610,12.0944,62.9331, 6.13,K,,
4627,12.1631,74.6614, 6.35,F,,
4633,12.1795,27.2814, 6.01,A,,
4639,12.1833,81.7100, 6.00,K,,
4641,12.1958,57.0544, 6.43,K,,
4642,12.2003,28.5361, 6.49,F,,
4646,12.2033,77.6164, 5.14,A,,
4654,12.2454,53.4347, 6.16,K,,
4659,12.2524,70.2000, 5.71,K,,
4660,12.2571,57.0325, 3.31,A,,
4665,12.2615,72.5508, 6.29,K,,
4666,12.2688,40.6603, 5.66,M,,
4668,12.2750,33.0614, 5.00,K,,
4672,12.2915,53.1911, 5.81,K,,
4673,12.2918,28.9372, 5.70,A,,
4680,12.3088,30.2492, 6.23,A,,
4683,12.2809,86.4361, 6.33,F,,
4686,12.2556,87.7000, 6.28,F,,
4687,12.3139,75.1606, 5.38,A,,
4688,12.3249,28.1569, 6.33,F,,
4690,12.3302,48.9842, 5.29,M,,
4693,12.3388,26.6194, 5.54,K,,
4698,12.3448,27.0547, 7.13,F,,
4701,12.3474,57.8639, 5.55,K,,
4715,12.3964,42.5428, 6.06,F,,
4716,12.4004,51.5622, 4.80,G,,
4717,12.4051,26.0986, 5.18,A,,
4726,12.4176,56.7775, 5.81,M,,
4727,12.4184,63.8028, 6.32,G,,
4728,12.4308,39.0186, 5.02,G,,
4733,12.4400,27.2683, 4.95,F,,
4737,12.4490,28.2683, 4.36,K,,
4738,12.4498,26.8256, 5.00,A,,
4740,12.4401,71.9297, 6.24,G,,
4745,12.4597,55.7128, 5.70,M,,
4750,12.4772,26.2267, 6.54,A,,
4751,12.4791,25.8992, 6.65,A,,
4752,12.4819,25.9128, 5.29,A,,
4760,12.4992,58.4058, 5.35,A,,
4761,12.5008,51.5356, 6.21,F,,
4762,12.5012,58.7675, 6.08,G,,
4765,12.5019,69.2011, 4.95,M,,
4767,12.5139,53.0767, 6.21,F,,
4783,12.5608,33.2475, 5.42,K,,
4784,12.5632,33.3847, 6.24,K,,
4785,12.5624,41.3575, 4.26,G,,
4787,12.5581,69.7883, 3.87,B,,
4795,12.5789,70.0219, 4.94,K,,
4800,12.6065,59.4869, 5.5 ,M,,
4811,12.6462,40.8744, 6.37,A,,
4816,12.6547,35.9519, 6.45,A,,
4833,12.6928,62.7131, 6.07,A,,
4840,12.7178,61.1556, 6.38,K,,
4843,12.7409,44.1031, 6.33,F,,
4845,12.7499,39.2789, 5.95,G,,
4846,12.7522,45.4403, 4.99,C,,
4852,12.7406,80.6211, 6.40,A,,
4859,12.7886,62.7808, 5.89,A,,
4863,12.7929,66.7903, 5.43,K,,
4866,12.8116,48.4669, 6.27,A,,
4867,12.8109,60.3200, 5.85,F,,
4869,12.8215,27.5522, 5.78,A,,
4875,12.8363,37.5169, 5.89,A,,
4883,12.8616,27.5406, 4.94,G,,
4892,12.8185,83.4181, 5.85,A,,
4893,12.8204,83.4128, 5.28,A,,
4904,12.9036,33.5344, 6.26,A,,
4905,12.9005,55.9597, 1.77,A,,
4909,12.9157,47.1967, 5.84,M,,
4914,12.9334,38.3147, 5.60,F,,
4915,12.9338,38.3183, 2.90,A,,
4916,12.9246,65.4386, 5.24,F,,
4917,12.9382,54.0994, 5.82,A,,
4919,12.9521,46.1769, 6.12,K,,
4924,13.0046,30.7850, 4.90,G,,
4927,12.9798,75.4725, 6.01,K,,
4928,12.9986,66.5972, 5.32,K,,
4931,13.0122,56.3664, 4.93,F,,
4934,13.0297,63.6103, 6.00,F,,
4936,13.0446,59.7161, 6.53,A,,
4943,13.0957,35.7989, 5.25,B,,
4945,13.0979,45.2686, 5.63,K,,
4948,13.1028,29.0294, 6.54,A,,
4950,13.0805,73.0253, 6.31,F,,
4953,13.1063,62.0419, 6.14,G,,
4954,13.1196,27.6247, 4.80,K,,
4956,13.1316,27.5558, 6.19,K,,
4964,13.1608,37.4231, 6.02,K,,
4967,13.1617,38.5339, 6.28,B,,
4971,13.1676,38.4989, 5.91,A,,
4974,13.1639,62.2292, 6.54,A,,
4983,13.1979,27.8781, 4.26,F,,
4984,13.2023,24.2581, 6.33,K,,
4997,13.2286,40.1528, 4.92,G,,
5003,13.2256,72.7989, 6.59,A,,
5004,13.2589,40.8553, 5.79,A,,
5009,13.2071,80.4714, 6.25,K,,
5017,13.2924,40.5725, 4.73,F,,
5018,13.2746,68.4081, 6.20,B,,
5022,13.3077,34.0981, 5.82,K,,
5023,13.3040,49.6819, 5.15,A,,
5025,13.3178,35.1281, 6.02,F,,
5032,13.3386,40.1506, 5.60,K,,
5045,13.3677,43.9031, 6.35,A,,
5052,13.3983,37.0339, 6.07,M,,
5054,13.3987,54.9253, 2.27,A,,
5055,13.3990,54.9217, 3.95,A,,
5057,13.4185,23.8544, 5.78,A,,
5062,13.4204,54.9881, 4.01,A,,
5067,13.4379,46.0281, 5.88,K,,
5070,13.4333,63.2611, 6.50,G,,
5073,13.4356,72.3914, 5.79,M,,
5074,13.4513,64.7356, 6.66,F,,
5075,13.4530,64.7194, 7.04,F,,
5076,13.4665,52.7458, 6.34,F,,
5077,13.4739,40.7297, 6.47,G,,
5079,13.4699,50.5872, 6.80,F,,
5083,13.4794,50.7183, 6.43,F,,
5085,13.4742,59.9458, 5.40,A,,
5091,13.4491,78.6439, 5.77,G,,
5096,13.5211,42.1061, 6.08,K,,
5102,13.5467,24.3464, 6.11,G,,
5108,13.5727,38.7892, 6.37,F,,
5109,13.5687,55.3486, 5.60,A,,
5110,13.5799,37.1825, 4.98,F,,
5112,13.5742,49.0161, 4.70,A,,
5116,13.5873,44.1969, 6.84,A,,
5123,13.6164,24.6133, 5.74,M,,
5126,13.6111,49.4867, 6.49,K,,
5127,13.6243,36.2950, 4.82,A,,
5131,13.5786,76.5467, 6.57,K,,
5133,13.6286,50.7147, 6.48,M,,
5139,13.6197,71.2422, 5.50,K,,
5142,13.6584,52.9214, 5.46,A,,
5143,13.6710,31.0119, 6.21,G,,
5144,13.6779,19.9556, 5.75,A,,
5145,13.6775,28.0653, 6.23,K,,
5148,13.6731,50.5194, 6.32,F,,
5149,13.6840,22.4958, 5.62,G,,
5153,13.6726,57.2075, 6.29,A,,
5154,13.6790,54.6817, 4.66,M,,
5160,13.7080,41.6742, 6.30,G,,
5161,13.7121,34.9889, 5.98,G,,
5162,13.6916,64.8225, 5.85,A,,
5164,13.7292,22.7003, 6.13,K,,
5169,13.7319,52.0644, 6.02,A,,
5177,13.7537,55.8794, 6.50,F,,
5179,13.7704,41.0886, 5.87,A,,
5180,13.7719,38.5039, 5.94,G,,
5182,13.7787,25.7022, 5.95,G,,
5184,13.7109,78.0644, 5.91,G,,
5186,13.7833,38.5428, 5.50,K,,
5187,13.7766,54.4328, 5.70,B,,
5191,13.7923,49.3133, 1.86,B,Alkaid,
5195,13.8108,31.1903, 5.62,K,,
5199,13.8159,39.5428, 7.4 ,M,,
5201,13.8286,21.2642, 4.91,K,,
5203,13.7064,82.7525, 5.98,G,,
5204,13.8292,36.6328, 6.38,A,,
5213,13.8293,61.4892, 5.96,G,,
5214,13.8513,34.7725, 6.65,A,,
5215,13.8526,34.6644, 5.87,M,,
5216,13.8410,58.5394, 6.46,A,,
5219,13.8632,34.4442, 4.74,K,,
5225,13.8869,17.9328, 5.70,G,,
5226,13.8572,64.7233, 4.65,M,,
5227,13.8498,68.3153, 6.40,K,,
5229,13.8862,28.6481, 5.90,A,,
5235,13.9114,18.3978, 2.68,G,,
5238,13.8975,53.7286, 5.70,A,,
5245,13.9362,32.0325, 6.32,F,,
5247,13.9428,27.4919, 5.01,K,,
5255,13.9775,21.6961, 5.76,A,,
5256,13.9589,61.4928, 6.37,K,,
5263,14.0196,27.3867, 6.23,A,,
5271,14.0367,45.7536, 6.27,K,,
5280,14.0499,50.9719, 6.15,A,,
5282,14.0307,68.6786, 6.34,K,,
5291,14.0731,64.3758, 3.65,A,,
5299,14.1322,43.8544, 5.27,M,,
5300,14.1381,49.4581, 5.25,M,,
5302,14.1461,59.3378, 6.46,K,,
5304,14.1733,25.0917, 4.83,F,,
5305,14.1157,74.5936, 6.45,A,,
5310,14.1875,32.2956, 6.11,K,,
5321,14.1475,77.5475, 4.82,K,,
5328,14.2244,51.7878, 6.69,F,,
5329,14.2247,51.7903, 4.54,A,,
5333,14.2447,21.8733, 6.39,A,,
5334,14.2011,69.4325, 5.24,M,,
5335,14.2399,41.5189, 6.24,K,,
5340,14.2610,19.1825,-0.04,K,Arcturus,
5343,14.2678,18.9119, 5.98,A,,
5345,14.2547,52.5358, 6.58,A,,
5346,14.2758,20.1214, 6.25,F,,
5347,14.2734,39.7447, 6.38,F,,
5350,14.2694,51.3672, 4.75,A,,
5351,14.2731,46.0883, 4.18,A,,
5352,14.2912,15.2633, 5.80,M,,
5360,14.2892,51.3072, 6.20,A,,
5361,14.2999,35.5094, 4.81,K,,
5363,14.2970,48.0017, 6.32,F,,
5365,14.3212,13.0042, 5.41,F,,
5369,14.3155,38.7675, 6.86,G,,
5370,14.3292,16.3069, 4.86,K,,
5372,14.3155,54.8642, 6.53,A,,
5373,14.3299,38.7939, 6.33,A,,
5374,14.3358,30.4292, 6.44,A,,
5387,14.3852,25.3381, 6.22,F,,
5402,14.4248,38.3931, 6.27,K,,
5404,14.4199,51.8508, 4.05,F,,
5405,14.4409,19.2269, 5.39,F,,
5411,14.4576,41.0250, 6.63,F,,
5414,14.4754,28.2892, 7.62,A,,
5415,14.4759,28.2908, 7.12,A,,
5416,14.4712,36.1969, 6.10,K,,
5420,14.4772,49.8447, 5.59,G,,
5422,14.4971,31.7911, 6.06,A,,
5423,14.4936,41.7958, 6.35,G,,
5429,14.5305,30.3714, 3.58,K,,
5430,14.4587,75.6961, 4.25,K,,
5433,14.5389,26.6772, 6.01,A,,
5434,14.5424,22.2600, 5.92,F,,
5435,14.5346,38.3083, 3.03,A,,
5436,14.5128,63.1856, 6.09,F,,
5437,14.5286,60.2256, 6.27,F,,
5441,14.5556,36.9594, 6.43,F,,
5442,14.5419,55.3978, 5.76,K,,
5445,14.5699,32.5344, 6.33,F,,
5447,14.5780,29.7450, 4.46,F,,
5448,14.5774,36.6258, 6.03,K,,
5451,14.5711,57.0653, 6.48,F,,
5452,14.5777,49.3683, 5.74,M,,
5454,14.6019,23.2503, 6.38,K,,
5462,14.6372,18.2983, 5.91,K,,
5464,14.6368,43.6419, 5.70,K,,
5467,14.6376,54.0233, 5.85,A,,
5468,14.6473,44.4044, 5.39,A,,
5472,14.6727,21.9756, 6.10,G,,
5473,14.6784,13.5342, 5.91,F,,
5475,14.6788,16.4183, 4.94,B,,
5476,14.6789,16.4178, 5.88,A,,
5477,14.6858,13.7283, 4.83,A,,
5478,14.6858,13.7283, 4.43,A,,
5479,14.5606,79.6603, 6.26,K,,
5480,14.6941,8.1617, 4.86,G,,
5481,14.6954,11.6606, 5.56,G,,
5483,14.6984,21.1236, 6.38,G,,
5490,14.7237,26.5278, 4.81,M,,
5492,14.7009,61.2619, 6.25,F,,
5493,14.7290,40.4592, 5.73,K,,
5502,14.7540,16.9644, 4.60,G,,
5505,14.7498,27.0750, 5.12,A,,
5506,14.7498,27.0742, 2.70,K,,
5507,14.7558,18.8847, 6.13,K,,
5510,14.7538,32.7883, 6.28,M,,
5512,14.7683,15.1319, 5.63,M,,
5524,14.8065,24.3667, 6.14,F,,
5529,14.8185,37.8111, 6.16,F,,
5532,14.8329,28.6158, 5.80,A,,
5533,14.8219,46.1161, 5.74,F,,
5534,14.8377,23.9119, 5.85,G,,
5537,14.8256,51.3747, 6.51,F,,
5538,14.8281,48.7206, 5.69,F,,
5541,14.8416,37.2719, 5.48,K,,
5544,14.8565,19.1011, 4.55,G,,
5550,14.8898,15.7044, 6.40,F,,
5552,14.8573,59.2939, 5.46,K,,
5553,14.8899,19.1528, 6.01,K,,
5563,14.8451,74.1556, 2.08,K,,
5567,14.9370,14.4464, 5.77,A,,
5569,14.9330,32.3003, 6.12,A,,
5574,14.9510,21.5553, 6.49,A,,
5575,14.9532,16.3883, 5.71,G,,
5581,14.9397,49.6286, 5.63,F,,
5584,14.9897,4.5678, 5.93,M,,
5588,14.9936,39.2653, 5.64,F,,
5589,14.9597,65.9325, 4.60,M,,
5592,15.0146,22.0456, 6.38,K,,
5596,14.8390,82.5119, 5.64,F,,
5597,15.0107,47.2778, 6.37,B,,
5600,15.0351,25.0081, 4.81,K,,
5601,15.0483,2.0914, 4.40,K,,
5602,15.0324,40.3906, 3.50,G,,
5608,15.0242,60.2044, 5.93,A,,
5609,15.0517,35.2058, 5.51,G,,
5610,15.0684,5.4925, 6.50,F,,
5612,15.0518,44.6444, 6.65,F,,
5613,15.0601,34.5661, 6.59,G,,
5616,15.0741,26.9475, 4.54,K,,
5618,15.0632,47.6544, 4.76,F,,
5627,15.0905,48.1511, 5.57,A,,
5629,15.0661,65.9197, 6.13,A,,
5630,15.1098,36.4556, 6.35,F,,
5631,15.1279,5.4981, 6.16,K,,
5633,15.1223,18.4417, 6.02,A,,
5634,15.1217,24.8692, 4.93,F,,
5635,15.1046,54.5564, 5.25,G,,
5638,15.1399,26.3011, 5.67,K,,
5639,15.1482,13.2350, 6.10,G,,
5640,15.1432,25.1086, 5.81,K,,
5648,15.1387,50.0550, 6.39,K,,
5654,15.2012,18.9758, 5.89,M,,
5659,15.2121,19.2858, 6.68,G,,
5665,15.2255,22.9833, 6.30,A,,
5672,15.1789,67.7814, 6.17,A,,
5673,15.2266,38.2647, 6.20,K,,
5674,15.2350,31.7881, 5.99,K,,
5676,15.2414,29.1642, 5.26,A,,
5677,15.2362,42.1714, 6.13,M,,
5681,15.2584,33.3147, 3.47,G,,
5691,15.2440,67.3467, 5.13,F,,
5692,15.3068,20.5728, 5.70,G,,
5693,15.2477,68.9453, 6.51,A,,
5702,15.3251,32.5153, 6.32,A,,
5709,15.3357,29.6161, 5.51,K,,
5711,15.3519,24.9578, 6.39,K,,
5714,15.2850,71.8239, 5.02,K,,
5715,15.3348,51.9586, 5.66,A,,
5716,15.3449,44.4342, 6.19,F,,
5717,15.3731,12.5675, 6.28,A,,
5718,15.3635,32.9339, 5.37,B,,
5726,15.3771,39.5814, 5.50,K,,
5727,15.3867,30.2878, 5.58,G,,
5728,15.3867,30.2878, 6.08,G,,
5731,15.3770,62.0472, 5.98,A,,
5732,15.4014,45.2711, 6.01,K,,
5733,15.4082,37.3772, 4.31,F,,
5734,15.4086,37.3478, 6.50,G,,
5735,15.3455,71.8339, 3.05,A,,
5737,15.3773,63.3414, 5.79,K,,
5739,15.4298,15.4281, 5.17,M,,
5740,15.4315,19.4808, 6.27,G,,
5741,15.4382,34.3358, 5.46,K,,
5744,15.4155,58.9661, 3.29,K,,
5745,15.4608,25.1017, 6.02,M,,
5747,15.4638,29.1058, 3.68,F,,
5748,15.4424,54.0200, 6.45,A,,
5752,15.4790,47.2014, 6.15,A,,
5754,15.4613,62.2756, 6.50,A,,
5755,15.4643,60.6703, 5.90,K,,
5759,15.4824,55.1950, 6.43,A,,
5760,15.5063,31.2861, 6.46,A,,
5761,15.5077,36.8042, 6.37,K,,
5763,15.5155,40.8331, 5.02,K,,
5768,15.4892,62.0997, 6.38,K,,
5769,15.5229,36.6164, 6.38,F,,
5770,15.5360,16.0561, 6.22,B,,
5774,15.5297,40.8994, 5.02,A,,
5778,15.5488,31.3592, 4.14,B,,
5783,15.5647,17.1378, 6.45,F,,
5785,15.5155,64.2086, 5.79,K,,
5793,15.5781,26.7147, 2.23,A,,
5795,15.5926,17.6556, 6.12,G,,
5800,15.5875,39.0100, 5.11,M,,
5804,15.6081,16.1189, 5.93,F,,
5808,15.5970,38.3739, 6.42,K,,
5811,15.5879,53.9219, 5.97,K,,
5813,15.6148,29.9911, 6.52,F,,
5817,15.6011,52.0697, 6.74,F,,
5818,15.5992,54.6306, 5.74,A,,
5823,15.6304,40.3533, 5.24,G,,
5826,15.5236,77.3494, 4.96,K,,
5827,15.6469,34.6750, 6.11,K,,
5828,15.6256,54.5089, 5.87,K,,
5829,15.4864,80.4486, 6.58,G,,
5830,15.6378,46.7978, 5.75,F,,
5833,15.6562,36.6367, 6.00,B,,
5834,15.6563,36.6358, 5.07,B,,
5835,15.6429,50.4233, 5.84,G,,
5840,15.6831,16.0247, 6.01,G,,
5841,15.6526,57.9244, 6.45,K,,
5842,15.6925,19.6703, 4.52,A,,
5843,15.6965,12.8475, 5.33,A,,
5844,15.6275,69.2833, 5.62,K,,
5845,15.6985,18.4639, 5.81,A,,
5849,15.7124,26.2956, 3.84,B,,
5850,15.7196,13.6678, 6.48,G,,
5855,15.7331,32.5158, 5.56,G,,
5857,15.7141,52.3608, 5.51,B,,
5858,15.7450,17.2642, 6.14,A,,
5867,15.7698,15.4219, 3.67,A,,
5870,15.7881,14.1153, 5.71,A,,
5877,15.8006,31.7358, 6.44,K,,
5878,15.7763,55.4747, 5.92,K,,
5879,15.8123,18.1417, 4.09,M,,
5880,15.8096,28.1567, 5.85,G,,
5886,15.7778,62.5994, 5.19,A,,
5887,15.7939,55.3767, 5.86,A,,
5889,15.8266,26.0683, 4.63,G,,
5894,15.8449,15.1336, 5.2 ,M,,
5899,15.8544,20.9778, 4.76,K,,
5901,15.8539,35.6575, 4.82,K,,
5903,15.7343,77.7944, 4.32,A,,
5909,15.8823,17.4036, 6.36,K,,
5913,15.8930,16.0750, 6.09,F,,
5914,15.8779,42.4517, 4.62,F,,
5922,15.8713,55.8267, 5.81,G,,
5924,15.9096,20.3108, 5.44,M,,
5931,15.9277,18.6206, 6.26,B,,
5932,15.9105,43.1386, 5.37,M,,
5936,15.9299,37.9469, 5.45,F,,
5938,15.9252,42.5661, 5.75,B,,
5947,15.9598,26.8778, 4.15,K,,
5949,15.9305,58.9117, 6.31,A,,
5950,15.9583,39.6953, 6.31,K,,
5957,15.9827,36.6439, 5.62,K,,
5958,15.9917,25.9203, 2.0 ,B,,
5960,15.9632,54.7497, 4.95,F,,
5964,15.9846,49.8811, 6.05,F,,
5966,16.0206,17.8183, 5.12,G,,
5968,16.0174,33.3036, 5.41,G,,
5971,16.0241,29.8511, 4.99,A,,
5972,16.0383,22.8044, 4.83,A,,
5981,16.0349,52.9158, 5.93,K,,
5982,16.0466,46.0367, 4.76,B,,
5983,16.0554,36.6317, 5.83,A,,
5986,16.0315,58.5653, 4.01,F,,
5995,16.0526,59.4108, 6.19,M,,
6005,16.1228,21.8225, 6.14,K,,
6018,16.1495,36.4908, 4.76,K,,
6023,16.1462,44.9350, 4.26,B,,
6025,16.1055,67.8103, 5.44,A,,
6034,16.0587,76.7936, 5.56,A,,
6036,16.1508,57.9378, 6.33,A,,
6038,16.1572,55.8289, 6.49,K,,
6039,16.1939,23.4947, 5.70,M,,
6043,16.1944,33.3425, 6.29,K,,
6046,16.1967,36.4250, 5.63,K,,
6050,16.1966,42.3744, 5.87,K,,
6052,16.2126,26.6708, 6.50,F,,
6063,16.2447,33.8586, 5.64,G,,
6064,16.2447,33.8583, 6.66,G,,
6068,16.2632,27.4222, 6.14,K,,
6069,16.2070,67.1442, 6.21,G,,
6074,16.2791,29.1503, 5.78,A,,
6079,16.1804,75.8775, 5.48,B,,
6082,16.2089,75.2106, 6.39,K,,
6086,16.2876,59.7550, 5.40,M,,
6087,16.3345,21.1325, 6.05,G,,
6088,16.2426,73.3950, 5.98,A,,
6090,16.3198,49.0381, 5.91,K,,
6091,16.3320,39.7086, 5.46,F,,
6092,16.3290,46.3133, 3.89,B,,
6101,16.3026,68.5544, 6.41,K,,
6103,16.3683,30.8919, 4.85,K,,
6107,16.3726,33.7992, 5.20,M,,
6108,16.3748,33.7036, 5.39,K,,
6110,16.3824,32.3331, 6.40,A,,
6116,16.2918,75.7553, 4.95,F,,
6123,16.4234,37.3939, 5.54,A,,
6126,16.3635,69.1094, 5.25,K,,
6127,16.4070,55.2050, 5.74,A,,
6130,16.3964,61.6967, 5.67,G,,
6132,16.3999,61.5142, 2.74,G,,
6146,16.4774,41.8817, 5.04,M,,
6148,16.5037,21.4897, 2.77,G,,
6150,16.4787,51.4078, 6.29,G,,
6154,16.5204,22.1953, 5.76,K,,
6156,16.5017,48.9608, 6.45,A,,
6157,16.5174,35.2250, 6.25,K,,
6161,16.4664,68.7681, 5.00,A,,
6162,16.5298,45.5983, 5.65,A,,
6168,16.5684,42.4369, 4.20,B,,
6170,16.5405,60.8233, 5.94,A,,
6173,16.4286,78.9639, 5.56,F,,
6180,16.5245,72.6119, 6.30,K,,
6183,16.6031,46.6133, 5.79,G,,
6184,16.6032,52.9003, 5.53,B,,
6185,16.6038,52.9244, 5.08,B,,
6186,16.6039,52.9242, 6.53,A,,
6191,16.5108,77.4467, 6.34,K,,
6198,16.6153,63.0728, 6.16,K,,
6199,16.6334,56.0156, 5.29,K,,
6200,16.6458,48.9283, 4.90,M,,
6208,16.6835,24.8586, 6.06,K,,
6212,16.6881,31.6031, 2.81,G,,
6213,16.6935,26.9169, 5.92,F,,
6220,16.7149,38.9222, 3.53,G,,
6222,16.7310,34.0389, 5.99,F,,
6223,16.6820,64.5892, 4.83,K,,
6226,16.7162,55.6903, 6.16,A,,
6230,16.7533,43.2172, 6.05,K,,
6237,16.7549,56.7819, 4.85,F,,
6238,16.6314,78.9183, 6.32,G,,
6242,16.7888,42.2389, 5.87,M,,
6254,16.8206,45.9833, 4.82,A,,
6256,16.8279,43.4306, 6.13,K,,
6258,16.8442,29.8067, 5.72,M,,
6259,16.8453,32.5536, 6.13,K,,
6264,16.8434,41.8967, 6.29,K,,
6267,16.7183,77.5142, 5.98,F,,
6270,16.8626,24.6564, 5.04,K,,
6279,16.8828,31.7017, 5.32,F,,
6286,16.8882,47.4169, 6.00,K,,
6292,16.9173,25.7306, 6.08,G,,
6305,16.9586,25.3528, 6.28,G,,
6306,16.9351,50.0389, 6.56,M,,
6307,16.9617,24.3814, 6.32,K,,
6313,16.9639,42.5125, 6.34,K,,
6315,16.9338,65.1347, 4.89,F,,
6319,16.9403,65.0392, 6.41,F,,
6322,16.7661,82.0372, 4.23,G,,
6324,17.0048,30.9264, 3.92,A,,
6328,17.0193,27.1964, 6.55,F,,
6330,16.9893,56.6886, 6.03,K,,
6332,17.0268,33.5683, 5.25,A,,
6333,17.0385,25.5056, 5.75,G,,
6335,16.9380,73.1278, 6.30,F,,
6336,17.0381,31.8847, 6.36,K,,
6345,16.9841,69.1864, 6.40,K,,
6346,17.0584,35.4142, 6.69,M,,
6348,17.0213,60.6492, 6.13,K,,
6351,17.0649,34.7903, 6.04,A,,
6360,17.0376,64.6006, 6.10,G,,
6362,17.0847,43.8122, 6.43,A,,
6363,17.0805,48.8042, 6.09,K,,
6369,17.0888,54.4703, 5.83,F,,
6370,17.0888,54.4703, 5.80,F,,
6376,17.1296,40.5161, 6.34,A,,
6377,17.1339,35.9353, 5.39,A,,
6379,17.0278,75.2972, 6.21,F,,
6383,17.1381,50.8422, 6.46,A,,
6388,17.1593,40.7772, 5.08,K,,
6395,17.1752,52.4089, 6.29,B,,
6396,17.1464,65.7147, 3.17,B,,
6399,17.1945,49.7467, 6.04,A,,
6418,17.2508,36.8092, 3.16,K,,
6421,17.2091,62.8744, 5.56,F,,
6431,17.2888,33.1000, 4.82,B,,
6436,17.2945,37.2917, 4.65,A,,
6437,17.2802,49.6911, 7.48,K,,
6443,17.3135,28.8231, 5.65,K,,
6444,17.3065,38.8114, 5.94,G,,
6448,17.2748,60.6706, 6.32,K,,
6455,17.3361,25.5375, 5.38,A,,
6458,17.3443,32.4678, 5.39,G,,
6464,17.3392,46.2408, 5.59,M,,
6466,17.3587,28.7581, 6.35,G,,
6467,17.3427,48.1883, 6.43,F,,
6469,17.3621,39.9744, 5.51,F,,
6479,17.3626,53.4206, 5.67,K,,
6484,17.3946,37.1467, 5.47,A,,
6485,17.3947,37.1458, 4.52,B,,
6488,17.4006,38.5828, 6.49,F,,
6491,17.4075,36.9519, 6.28,G,,
6499,17.4336,26.8789, 6.41,A,,
6506,17.4462,34.6958, 5.94,A,,
6509,17.4456,48.2600, 5.85,A,,
6511,17.4281,60.0483, 5.65,A,,
6514,17.4347,58.6519, 6.51,A,,
6518,17.4167,67.3064, 6.43,K,,
6526,17.5123,26.1106, 4.41,K,,
6528,17.5154,31.1583, 5.61,G,,
6529,17.3269,80.1364, 5.72,K,,
6531,17.5112,38.8822, 6.43,F,,
6533,17.5304,28.4075, 5.62,A,,
6536,17.5072,52.3014, 2.79,G,,
6538,17.5336,34.2708, 6.56,G,,
6540,17.5122,57.8764, 6.40,K,,
6550,17.5520,41.2436, 5.74,K,,
6554,17.5363,55.1842, 4.88,A,,
6555,17.5378,55.1731, 4.87,A,,
6560,17.5588,57.5589, 6.17,G,,
6563,17.5951,37.3017, 6.10,G,,
6564,17.6022,28.1847, 6.38,K,,
6566,17.5328,68.1350, 5.05,K,,
6570,17.6102,30.7853, 6.02,A,,
6573,17.5832,61.8750, 5.23,G,,
6574,17.6104,48.5856, 5.37,K,,
6579,17.6471,32.7394, 6.37,G,,
6584,17.6660,31.2025, 6.03,M,,
6588,17.6578,46.0064, 3.80,B,,
6591,17.6781,31.2875, 6.28,K,,
6596,17.6159,68.7581, 4.80,F,,
6598,17.6110,69.5708, 6.42,F,,
6599,17.6771,43.4708, 6.59,K,,
6605,17.6767,57.3103, 6.77,K,,
6606,17.6191,72.4558, 5.86,G,,
6607,17.6894,51.8181, 5.99,K,,
6612,17.7182,44.0844, 6.34,K,,
6618,17.7331,53.8017, 5.75,A,,
6619,17.7612,31.5047, 6.23,A,,
6623,17.7743,27.7206, 3.42,G,,
6625,17.7649,38.8814, 6.52,K,,
6626,17.7662,39.3225, 6.68,K,,
6636,17.6990,72.1489, 4.58,F,,
6637,17.6994,72.1569, 5.79,G,,
6641,17.7856,47.6122, 6.43,A,,
6654,17.8397,29.3222, 5.50,K,,
6656,17.8179,50.7811, 5.02,A,,
6664,17.8342,48.3942, 6.68,B,,
6669,17.8539,40.0725, 6.46,G,,
6673,17.8680,39.9822, 6.04,K,,
6674,17.8669,46.6433, 6.38,K,,
6677,17.8884,40.0081, 5.16,K,,
6688,17.8921,56.8728, 3.75,K,,
6695,17.9376,37.2506, 3.86,K,,
6699,17.9232,55.9714, 6.10,F,,
6701,17.8242,76.9628, 5.04,F,,
6702,17.9468,45.3508, 6.02,M,,
6703,17.9627,29.2478, 3.70,G,,
6705,17.9434,51.4889, 2.23,K,,
6707,17.9751,30.1894, 4.41,F,,
6711,17.9784,36.2878, 6.00,G,,
6717,17.8362,78.3067, 6.24,K,,
6718,17.9812,45.4761, 6.48,B,,
6725,17.9198,72.0050, 5.45,F,,
6726,18.0101,33.2139, 5.99,K,,
6728,17.9989,45.5014, 5.67,M,,
6735,17.9074,75.1708, 6.36,K,,
6737,18.0266,33.3114, 6.15,K,,
6753,18.0525,48.4644, 6.21,A,,
6764,18.0787,40.0842, 6.52,F,,
6767,18.0836,41.9467, 6.34,F,,
6768,18.0971,32.2306, 5.71,K,,
6775,18.1171,30.5619, 5.04,F,,
6779,18.1257,28.7625, 3.83,B,,
6789,17.5369,86.5864, 4.36,A,,
6790,18.1149,50.8228, 6.29,K,,
6791,18.1247,43.4617, 5.00,G,,
6792,18.1184,49.7106, 6.32,A,,
6793,18.1339,36.4014, 5.48,K,,
6799,18.1528,30.4694, 6.38,K,,
6806,18.1604,38.4575, 6.40,K,,
6807,18.1664,36.4664, 5.58,G,,
6809,18.0009,80.0008, 6.04,F,,
6810,18.0026,80.0042, 5.68,F,,
6811,17.5133,86.9681, 5.79,A,,
6814,18.1959,33.4469, 5.88,A,,
6815,18.1984,31.4053, 4.97,M,,
6817,18.1754,54.2867, 5.95,K,,
6824,18.2118,41.1469, 6.36,K,,
6826,18.2180,38.7736, 6.04,B,,
6827,18.1853,60.4094, 6.49,A,,
6831,18.2456,29.2072, 6.56,F,,
6845,18.2608,42.1594, 5.59,B,,
6847,18.2591,45.2094, 6.29,G,,
6849,18.2447,56.5883, 6.37,F,,
6850,18.2316,64.3972, 5.03,F,,
6853,18.2852,40.9367, 6.11,G,,
6865,18.2547,68.7558, 5.95,K,,
6867,18.3311,29.6661, 5.99,K,,
6872,18.3310,36.0644, 4.33,K,,
6876,18.3492,29.8589, 5.63,A,,
6877,18.3503,28.8700, 5.12,A,,
6880,18.3322,51.3478, 6.30,K,,
6886,18.3520,49.7256, 6.40,K,,
6891,18.3591,49.1217, 5.05,M,,
6901,18.3993,38.7392, 6.36,K,,
6903,18.4038,39.5072, 5.12,A,,
6904,18.4162,27.3953, 6.27,A,,
6911,18.3966,53.3008, 6.32,A,,
6917,18.4330,29.8289, 5.83,A,,
6920,18.3460,71.3378, 4.22,A,,
6923,18.3985,58.8006, 4.98,A,,
6924,18.4447,26.4494, 6.53,B,,
6927,18.3509,72.7328, 3.57,F,,
6945,18.4331,65.5636, 4.82,K,,
6949,18.4617,59.5492, 6.43,K,,
6968,18.5472,30.5542, 5.48,B,,
6971,18.5564,30.8925, 6.59,B,,
6974,18.5365,52.1156, 6.56,B,,
6978,18.5429,57.0456, 4.77,F,,
6979,18.5208,65.4361, 6.59,A,,
6983,18.5658,52.3536, 5.36,K,,
6984,18.5871,34.4578, 6.10,B,,
6997,18.6103,33.4689, 5.42,B,,
7001,18.6156,38.7836, 0.03,A,Vega,Lyra
7003,18.6127,43.2219, 6.20,F,,
7006,18.4958,77.5469, 5.64,K,,
7009,18.6351,39.6681, 6.04,M,,
7013,18.6037,65.4886, 6.06,F,,
7016,18.6672,30.8494, 6.36,K,,
7017,18.6592,40.9350, 6.25,B,,
7018,18.6260,62.5267, 5.74,A,,
7019,18.6701,38.3672, 6.45,A,,
7025,18.4026,83.1753, 6.17,A,,
7028,18.6647,52.1961, 6.00,A,,
7030,18.6948,31.6178, 6.41,B,,
7033,18.7022,34.7467, 6.47,B,,
7041,18.7213,39.3003, 6.45,K,,
7042,18.6823,62.7497, 6.09,K,,
7043,18.7267,36.5567, 6.01,G,,
7044,18.7310,31.9267, 5.70,F,,
7049,18.7105,55.5394, 5.04,B,,
7051,18.7390,39.6700, 5.06,A,,
7052,18.7390,39.6711, 6.02,F,,
7053,18.7397,39.6131, 5.14,A,,
7054,18.7397,39.6128, 5.37,F,,
7056,18.7462,37.6050, 4.36,A,,
7057,18.7467,37.5944, 5.73,F,,
7060,18.7247,53.8719, 6.11,A,,
7064,18.7679,26.6622, 4.83,K,,
7071,18.7487,54.8967, 6.23,G,,
7073,18.7703,41.4417, 6.07,B,,
7075,18.7384,61.0481, 5.99,G,,
7080,18.7831,46.3150, 6.52,A,,
7081,18.7993,31.7569, 6.06,B,,
7082,18.7195,70.7928, 6.44,K,,
7084,18.7786,52.9881, 5.88,B,,
7090,18.7944,49.0750, 6.40,A,,
7091,18.8207,25.0464, 6.59,A,,
7096,18.8045,48.7675, 6.12,A,,
7098,18.8289,31.6292, 6.64,A,,
7100,18.8294,32.8128, 5.91,B,,
7102,18.8314,32.5508, 5.25,A,,
7106,18.8347,33.3628, 3.45,B,,
7112,18.8600,28.7836, 6.18,K,,
7115,18.8601,36.5386, 6.09,B,,
7117,18.7630,74.0856, 5.27,K,,
7118,18.8686,41.3833, 6.28,B,,
7123,18.8597,52.9750, 5.51,G,,
7124,18.7728,75.4339, 5.35,A,,
7125,18.8534,59.3883, 4.66,G,,
7131,18.8954,36.9717, 5.58,B,,
7132,18.9037,27.9094, 5.62,K,,
7137,18.8871,50.7083, 4.92,G,,
7138,18.9040,41.2256, 7.30,F,,
7139,18.9084,36.8989, 4.30,M,,
7140,18.9146,33.9686, 6.02,G,,
7146,18.9145,41.6028, 5.44,K,,
7153,18.8962,57.4869, 6.22,K,,
7154,18.9131,48.8597, 5.77,F,,
7157,18.9223,43.9461, 4.04,M,,
7160,18.7606,79.9425, 6.39,A,,
7162,18.9504,32.9014, 5.22,F,,
7174,18.9672,38.2661, 5.89,B,,
7175,18.9458,57.8150, 5.66,K,,
7178,18.9824,32.6894, 3.24,B,,
7179,18.9796,40.6792, 6.22,B,,
7180,18.9066,71.2972, 4.82,K,,
7181,18.9960,26.2306, 5.27,K,,
7184,18.9579,58.2253, 6.46,A,,
7185,18.9868,39.2178, 6.41,B,,
7187,18.9404,65.2581, 5.63,G,,
7191,18.9548,62.3967, 6.45,G,,
7192,19.0003,32.1456, 4.93,K,,
7196,18.9832,50.8094, 6.30,G,,
7199,18.8926,75.7875, 6.22,A,,
7201,19.0053,40.6842, 6.65,M,,
7202,19.0215,26.2914, 5.69,B,,
7204,19.0153,33.8022, 6.01,K,,
7206,19.0264,25.0258, 6.72,K,,
7210,19.0038,50.5336, 5.38,B,,
7212,19.0301,33.6214, 6.39,B,,
7215,19.0240,46.9347, 5.01,A,,
7218,19.0121,55.6583, 5.48,G,,
7224,18.9813,69.5311, 6.52,A,,
7229,19.0353,52.2611, 6.31,G,,
7237,19.0828,31.7444, 5.56,M,,
7238,19.0829,30.7333, 6.06,M,,
7244,19.0964,29.9217, 6.31,M,,
7247,18.9659,77.0508, 6.54,F,,
7250,19.1107,24.2508, 5.77,A,,
7251,19.0820,53.3967, 5.38,A,,
7252,19.0861,49.9233, 6.43,K,,
7253,19.1105,28.6286, 5.55,F,,
7258,19.1047,41.4139, 6.49,B,,
7261,19.1238,32.5017, 5.23,F,,
7262,19.1217,36.1003, 5.28,B,,
7272,19.1512,34.6006, 6.74,G,,
7275,19.1405,52.4256, 5.81,K,,
7280,19.1919,26.7358, 6.36,F,,
7283,19.1961,31.2833, 5.98,B,,
7284,19.1898,40.4292, 6.18,A,,
7290,19.1627,65.9786, 6.25,A,,
7293,19.2013,49.8542, 6.75,G,,
7294,19.2014,49.8561, 6.57,G,,
7295,19.1946,56.8592, 5.12,G,,
7298,19.2293,39.1461, 4.39,B,,
7302,19.2569,30.5264, 5.85,M,,
7305,19.2658,27.4556, 6.54,B,,
7308,19.2665,27.9269, 6.16,F,,
7309,19.2320,57.7050, 4.99,K,,
7310,19.2093,67.6617, 3.07,G,,
7311,19.2554,50.0708, 6.27,G,,
7312,19.1527,76.5606, 5.13,A,,
7314,19.2728,38.1336, 4.36,K,,
7318,19.2954,23.0256, 5.43,B,,
7322,19.2809,46.9992, 6.00,F,,
7324,19.3002,31.0222, 6.68,A,,
7328,19.2851,53.3686, 3.77,G,,
7335,19.3177,33.3889, 6.60,B,,
7338,19.3170,37.4453, 6.22,A,,
7341,19.3105,49.5697, 6.31,K,,
7345,19.3275,37.3306, 6.31,G,,
7346,19.3425,35.1861, 6.31,B,,
7351,19.3268,54.3761, 6.26,A,,
7352,19.2592,73.3556, 4.45,K,,
7356,19.3378,57.6453, 5.91,M,,
7358,19.3808,26.2625, 5.18,B,,
7359,19.3759,33.5181, 6.06,K,,
7361,19.3295,64.3908, 6.52,B,,
7365,19.3571,57.7669, 6.43,K,,
7368,19.3928,33.2222, 6.37,G,,
7371,19.3445,65.7147, 4.59,A,,
7372,19.4021,29.6214, 4.97,B,,
7374,19.4062,28.0878, 6.53,B,,
7376,19.4017,36.4519, 6.36,K,,
7381,19.3899,50.2714, 6.51,B,,
7382,19.3990,43.3881, 5.84,G,,
7386,19.4238,24.9128, 6.19,F,,
7394,17.2824,89.0378, 6.38,M,,
7395,19.4359,36.3178, 5.15,B,,
7401,19.4296,58.0272, 6.60,B,,
7403,19.4601,37.9411, 6.34,B,,
7405,19.4784,24.6650, 4.44,M,,
7406,19.4825,24.7686, 5.81,K,,
7408,19.4572,52.3206, 5.75,A,,
7413,19.4407,62.5572, 6.38,K,,
7417,19.5120,27.9597, 3.08,K,,
7418,19.5126,27.9653, 5.11,B,,
7419,19.5130,36.2286, 6.25,B,,
7420,19.4951,51.7297, 3.79,A,,
7421,19.5227,26.6172, 5.87,K,,
7423,19.3612,79.6028, 6.05,A,,
7425,19.2522,83.4628, 6.53,A,,
7426,19.5295,34.4531, 4.74,B,,
7427,19.5220,50.3067, 5.53,K,,
7428,19.5204,55.7319, 6.37,K,,
7436,19.5601,38.7622, 6.61,A,,
7441,19.5808,29.4631, 5.38,F,,
7442,19.5616,49.2625, 5.96,M,,
7444,19.5781,42.4128, 5.35,A,,
7448,19.5528,60.1586, 6.29,K,,
7450,19.5167,70.9894, 6.07,K,,
7451,19.5722,51.2367, 5.73,F,,
7452,19.6023,22.5858, 6.32,B,,
7453,19.5777,48.1647, 6.67,A,,
7457,19.5968,36.9444, 6.05,B,,
7458,19.6105,20.3328, 7.14,F,,
7462,19.5393,69.6611, 4.68,K,,
7465,19.5989,50.2386, 6.52,G,,
7466,19.6193,29.3336, 6.43,B,,
7467,19.6157,38.3839, 6.50,B,,
7468,19.6105,44.6950, 5.17,G,,
7469,19.6074,50.2211, 4.48,F,,
7472,19.6382,20.7828, 6.48,K,,
7477,19.6324,49.2844, 6.47,G,,
7478,19.6563,30.1533, 4.69,G,,
7481,19.6625,33.9792, 6.10,A,,
7482,19.6745,20.4767, 6.50,B,,
7483,19.6574,42.8183, 5.40,B,,
7484,19.6448,54.9739, 5.82,F,,
7485,19.6777,23.7175, 6.64,B,,
7487,19.6596,45.9581, 6.20,G,,
7490,19.6875,22.4528, 6.36,K,,
7492,19.6781,43.0778, 6.16,M,,
7495,19.6806,45.5250, 5.06,F,,
7499,19.6993,40.2539, 6.23,A,,
7500,19.6703,60.5072, 6.51,A,,
7501,19.7136,29.3317, 6.49,F,,
7502,19.7124,32.4267, 5.94,A,,
7503,19.6969,50.5253, 5.96,G,,
7504,19.6978,50.5175, 6.20,G,,
7505,19.7193,30.6786, 6.05,A,,
7506,19.7286,25.7719, 5.49,G,,
7508,19.7322,27.1356, 6.28,B,,
7509,19.7011,55.4633, 6.48,M,,
7512,19.7309,34.1625, 6.05,B,,
7514,19.7292,41.7731, 5.84,M,,
7517,19.7379,37.3544, 4.89,G,,
7518,19.7469,29.2647, 6.82,F,,
7520,19.7439,34.4139, 6.57,M,,
7522,19.7207,58.0164, 6.22,G,,
7523,19.7469,40.7167, 6.34,M,,
7526,19.7277,57.0425, 6.27,K,,
7528,19.7496,45.1308, 2.87,B,,
7529,19.7610,36.0911, 6.43,B,,
7530,19.7643,35.0128, 6.09,K,,
7533,19.7776,25.1339, 6.62,A,,
7534,19.7738,33.7278, 4.99,F,,
7535,19.7764,32.8886, 6.18,K,,
7540,19.7968,25.3839, 5.95,K,,
7543,19.7911,38.4075, 5.77,B,,
7545,19.7385,69.3369, 5.92,A,,
7546,19.8163,19.1422, 5.00,A,,
7547,19.7908,47.9078, 6.12,M,,
7550,19.8122,35.3114, 6.53,F,,
7551,19.8141,33.4372, 6.44,B,,
7555,19.8243,38.7100, 6.11,G,,
7556,19.8318,28.4406, 6.38,B,,
7563,19.7791,68.4383, 6.34,F,,
7564,19.8427,32.9142, 4.23,S,,
7565,19.8511,22.6100, 4.95,B,,
7566,19.8428,38.7225, 5.12,M,,
7567,19.8437,40.5997, 5.69,B,,
7568,19.8464,37.8264, 6.06,M,,
7573,19.8671,24.9922, 5.57,A,,
7574,19.8727,18.6719, 6.23,O,,
7576,19.8438,52.9881, 5.03,K,,
7577,19.8554,47.3772, 6.20,F,,
7582,19.8029,70.2678, 3.83,G,,
7583,19.8712,36.4322, 6.10,K,,
7589,19.8664,47.0275, 5.62,O,,
7591,19.8687,47.9319, 5.91,B,,
7592,19.8910,24.0797, 4.58,B,,
7600,19.8837,47.8075, 6.29,B,,
7601,19.9086,24.3194, 5.52,A,,
7606,19.9134,36.9961, 5.76,G,,
7607,19.9185,30.1953, 6.57,B,,
7608,19.8882,57.5236, 5.14,B,,
7611,19.8932,59.7089, 6.06,A,,
7613,19.9310,38.4867, 4.94,B,,
7615,19.9384,35.0833, 3.89,K,,
7616,19.9501,20.9981, 6.48,A,,
7619,19.9272,52.4389, 4.92,A,,
7620,19.9456,36.2508, 6.02,B,,
7626,19.9228,58.2503, 6.09,G,,
7628,19.9539,40.3681, 5.45,B,,
7632,19.9459,50.9025, 6.43,A,,
7633,19.9321,58.8461, 4.96,K,,
7634,19.9386,56.6869, 6.12,A,,
7635,19.9793,19.4922, 3.47,M,,
7638,19.9656,42.2608, 6.43,A,,
7640,19.9772,30.9836, 5.49,B,,
7641,19.9863,23.1014, 5.67,F,,
7642,19.9762,38.1056, 6.32,B,,
7645,20.0009,17.5167, 5.37,M,,
7646,19.9890,45.7722, 5.92,A,,
7647,19.9987,37.0428, 5.19,B,,
7651,19.9876,52.0558, 6.15,B,,
7653,20.0184,27.7536, 4.64,A,,
7654,19.9746,63.5342, 5.96,A,,
7655,20.0209,37.0989, 6.20,K,,
7656,20.0291,24.8003, 5.88,B,,
7657,20.0337,24.9381, 5.22,F,,
7660,20.0227,50.1047, 5.05,K,,
7662,20.0546,18.5006, 5.96,K,,
7664,20.0583,16.0314, 5.67,B,,
7666,19.9783,70.3669, 6.33,G,,
7670,20.0604,29.8967, 5.71,G,,
7672,20.0684,17.0700, 5.80,G,,
7676,20.0246,64.8211, 5.27,M,,
7677,20.0829,23.2103, 6.45,A,,
7678,20.0767,32.2186, 5.64,B,,
7679,20.0860,19.9911, 5.10,K,,
7680,20.0907,15.5003, 6.34,M,,
7682,20.0390,64.6344, 6.57,G,,
7683,20.0861,38.4783, 6.19,G,,
7684,20.0747,48.2297, 6.16,A,,
7685,20.0470,67.8736, 4.51,K,,
7686,19.9935,76.4814, 6.20,M,,
7687,20.0852,51.8394, 6.14,M,,
7688,20.1148,23.6144, 5.07,B,,
7689,20.1061,35.9725, 5.36,K,,
7692,20.0893,56.3414, 6.21,F,,
7695,20.0791,63.8906, 6.26,A,,
7696,20.1351,16.6642, 6.42,M,,
7697,20.1038,53.1658, 5.85,F,,
7699,20.1282,34.4231, 6.11,B,,
7701,20.0924,61.9956, 5.39,K,,
7702,20.1199,50.2292, 6.54,A,,
7704,20.0815,68.0272, 6.28,M,,
7705,20.1657,20.9153, 6.48,F,,
7708,20.1571,36.8397, 4.93,B,,
7711,20.1760,26.9042, 5.52,A,,
7713,20.1843,21.1347, 6.22,K,,
7716,20.1892,21.8756, 6.26,B,,
7718,20.1967,26.8089, 5.49,K,,
7719,20.2002,26.4789, 5.92,B,,
7721,20.2011,47.7369, 6.92,B,,
7723,20.2279,24.2389, 6.56,A,,
7724,20.2379,15.1975, 4.95,A,,
7726,20.2088,51.4636, 6.01,K,,
7727,20.1930,62.0786, 5.75,F,,
7730,20.2217,46.8158, 4.83,A,,
7731,20.2374,28.6947, 5.18,A,,
7733,20.2286,43.3792, 6.14,K,,
7734,20.2347,36.6053, 6.45,A,,
7735,20.2272,46.7414, 3.79,K,,
7736,20.2422,36.8064, 4.97,A,,
7737,20.2393,42.1036, 6.71,B,,
7739,20.2544,25.5919, 4.78,B,,
7740,20.2233,56.5678, 4.30,A,,
7741,20.2584,23.5086, 5.15,G,,
7742,20.2244,60.6406, 5.79,K,,
7743,20.2566,33.7294, 5.66,K,,
7744,20.2628,27.8142, 4.52,K,,
7746,20.2721,21.5986, 6.13,K,,
7750,20.1481,77.7114, 4.39,B,,
7751,20.2579,47.7144, 3.98,K,,
7752,20.2676,38.8978, 6.27,A,,
7753,20.2797,24.6711, 5.32,G,,
7755,20.2621,50.2328, 6.31,A,,
7756,20.2668,45.5794, 5.91,F,,
7757,20.2745,37.0564, 6.48,B,,
7759,20.2820,40.3650, 5.24,K,,
7760,20.2921,29.1481, 6.22,G,,
7762,20.2914,42.7219, 6.29,K,,
7763,20.2964,38.0331, 4.81,B,,
7767,20.3019,40.7322, 5.84,O,,
7769,20.3079,37.0000, 5.58,A,,
7770,20.3109,34.9828, 5.17,F,,
7771,20.3248,13.2169, 6.21,M,,
7774,20.3334,13.5481, 5.95,A,,
7777,20.3138,46.3228, 6.45,B,,
7778,20.3390,14.5692, 6.13,G,,
7780,20.3393,17.7931, 5.80,K,,
7781,20.3069,55.3972, 5.76,A,,
7782,20.3301,37.1325, 6.57,A,,
7783,20.2920,66.8539, 5.93,G,,
7784,20.3376,39.4033, 6.23,A,,
7786,20.3322,46.8375, 6.50,B,,
7789,20.3676,24.4461, 5.54,B,,
7791,20.3418,53.5961, 6.18,K,,
7792,20.3269,62.2575, 5.72,B,,
7793,20.3812,14.5514, 6.17,F,,
7795,20.3675,41.1314, 6.39,G,,
7796,20.3705,40.2567, 2.20,F,,
7797,20.3771,31.2650, 6.09,K,,
7798,20.3682,45.7950, 5.58,K,,
7800,20.3792,41.0261, 5.93,K,,
7802,20.3821,42.9833, 6.20,K,,
7804,20.3350,68.8803, 5.55,M,,
7805,20.3532,63.9803, 5.69,K,,
7806,20.3977,32.1900, 4.43,K,,
7807,20.3957,37.4764, 5.90,B,,
7811,20.4279,21.4097, 5.66,G,,
7813,20.4337,19.8650, 6.41,K,,
7815,20.4090,53.5519, 6.51,B,,
7816,20.4398,17.3156, 6.22,K,,
7818,20.4181,59.6000, 6.44,A,,
7823,20.4521,34.3289, 6.39,F,,
7826,20.4595,38.4403, 5.62,A,,
7827,20.4399,56.6389, 6.36,B,,
7828,20.4506,49.3833, 5.69,F,,
7833,20.4892,20.0878, 6.55,A,,
7834,20.4899,30.3686, 4.01,F,,
7835,20.4890,36.4547, 5.88,A,,
7836,20.5050,10.8958, 6.08,A,,
7839,20.5161,20.6058, 6.18,A,,
7840,20.5203,11.2606, 7.11,B,,
7841,20.5000,45.9286, 6.41,K,,
7843,20.4909,56.0681, 5.91,B,,
7844,20.5010,48.9517, 4.95,B,,
7847,20.5164,36.9358, 6.19,F,,
7849,20.5328,25.8044, 6.34,A,,
7850,20.4930,62.9942, 4.22,A,,
7851,20.5219,49.2203, 5.44,M,,
7852,20.5536,11.3033, 4.03,B,,
7854,20.5225,52.3097, 6.18,K,,
7857,20.5649,10.0597, 6.56,A,,
7858,20.5658,13.0272, 5.38,A,,
7860,20.5296,56.7800, 6.14,K,,
7861,20.5479,43.1917, 6.60,B,,
7862,20.5694,20.9853, 6.48,B,,
7866,20.5651,35.2508, 4.61,K,,
7867,20.5634,41.7722, 6.49,K,,
7868,20.5002,72.5317, 6.27,K,,
7870,20.5653,46.6939, 5.78,B,,
7871,20.5885,14.6742, 4.68,A,,
7874,20.6023,25.8825, 6.41,A,,
7876,20.5807,51.8542, 6.11,A,,
7879,20.5251,74.9547, 5.20,A,,
7880,20.6180,26.4619, 5.59,B,,
7882,20.6258,14.5953, 3.63,F,,
7883,20.6303,11.3778, 5.43,A,,
7885,20.6255,31.5725, 6.32,B,,
7886,20.6318,18.2692, 6.25,M,,
7887,20.6257,31.5219, 6.49,F,,
7888,20.6232,38.3286, 6.20,K,,
7891,20.6420,21.2011, 4.82,A,,
7892,20.6455,13.3150, 5.72,K,,
7894,20.6422,24.1161, 5.04,B,,
7895,20.6431,23.6806, 5.91,K,,
7896,20.6522,10.0861, 5.05,G,,
7899,20.6514,15.8381, 5.97,B,,
7901,20.4707,81.4228, 5.46,G,,
7903,20.6529,21.8172, 6.08,A,,
7904,20.6499,30.3344, 5.68,K,,
7906,20.6606,15.9119, 3.77,B,,
7907,20.6644,11.2497, 6.42,F,,
7908,20.4910,81.0914, 5.96,K,,
7911,20.6593,40.5794, 6.06,B,,
7912,20.6564,45.6669, 6.58,B,,
7914,20.6792,19.9353, 6.45,G,,
7916,20.6501,56.0050, 6.48,F,,
7917,20.6767,29.8053, 6.08,A,,
7918,20.6878,14.5831, 5.99,K,,
7919,20.6675,43.4586, 5.95,K,,
7921,20.6841,32.3072, 5.51,G,,
7922,20.6834,39.0822, 6.51,B,,
7923,20.6995,17.5214, 6.22,G,,
7924,20.6905,45.2803, 1.25,A,Deneb,
7925,20.6716,60.5053, 6.01,F,,
7926,20.6990,41.7169, 5.67,B,,
7927,20.7062,35.4561, 6.66,B,,
7928,20.7243,15.0744, 4.43,A,,
7929,20.7035,50.3400, 5.39,B,,
7930,20.4842,83.6256, 6.19,A,,
7932,20.7234,35.5878, 6.47,F,,
7938,20.7110,60.6014, 6.15,A,,
7939,20.7479,25.2706, 4.91,K,,
7940,20.7204,57.1142, 6.32,B,,
7941,20.7578,18.0903, 6.38,M,,
7942,20.7610,30.7197, 4.22,G,,
7944,20.7394,56.4881, 5.78,M,,
7945,20.7197,66.6575, 5.58,A,,
7947,20.7774,16.1244, 5.14,F,,
7948,20.7776,16.1242, 4.27,K,,
7949,20.7702,33.9703, 2.46,K,,
7953,20.7968,6.0083, 5.58,A,,
7955,20.7559,57.5797, 4.51,F,,
7956,20.7863,34.3742, 4.92,K,,
7957,20.7548,61.8389, 3.43,K,,
7958,20.7774,46.5317, 6.30,A,,
7962,20.7726,52.9953, 6.33,K,,
7963,20.7901,36.4908, 4.53,B,,
7966,20.7891,45.5797, 6.40,K,,
7967,20.7425,69.7519, 6.41,G,,
7969,20.7970,47.8319, 5.57,K,,
7972,20.7980,52.4072, 6.27,G,,
7973,20.8272,12.5453, 5.98,F,,
7974,20.8301,7.8642, 6.33,A,,
7975,20.8331,5.5447, 6.21,K,,
7977,20.8156,46.1142, 4.84,B,,
7978,20.8119,51.9106, 6.29,B,,
7981,20.8436,18.0514, 6.52,A,,
7983,20.8319,46.6611, 6.33,B,,
7984,20.8347,44.0594, 5.04,A,,
7988,20.8578,28.2506, 5.77,F,,
7993,20.8215,64.0422, 6.45,B,,
7995,20.8688,27.0969, 4.59,G,,
7996,20.8667,32.8492, 6.44,B,,
7999,20.8854,29.6494, 6.34,K,,
8001,20.8874,44.3872, 4.78,B,,
8002,20.7098,82.5311, 5.75,A,,
8003,20.8885,45.1819, 5.45,K,,
8004,20.8907,42.4103, 6.66,A,,
8005,20.8983,33.4378, 5.47,K,,
8007,20.9062,28.5219, 6.56,B,,
8008,20.9093,28.0575, 5.01,K,,
8009,20.9062,40.7031, 6.70,B,,
8010,20.9280,4.5328, 6.05,G,,
8011,20.9269,13.7214, 5.17,K,,
8012,20.9274,12.5686, 5.58,A,,
8016,20.7926,80.5522, 5.39,K,,
8020,20.9305,47.4178, 5.67,B,,
8022,20.9369,51.0750, 6.63,B,,
8023,20.9430,44.9250, 5.96,O,,
8025,20.9404,50.7286, 5.81,F,,
8026,20.9405,49.1958, 5.90,G,,
8028,20.9529,41.1672, 3.94,A,,
8029,20.9381,56.8875, 6.23,B,,
8030,20.9739,10.8392, 5.48,G,,
8032,20.9712,22.3258, 5.31,K,,
8034,20.9846,4.2936, 5.23,F,,
8035,20.9721,44.4717, 5.55,K,,
8036,20.9752,41.9403, 6.16,B,,
8037,20.9974,16.8242, 6.66,F,,
8038,21.0011,7.5164, 5.99,F,,
8040,20.9750,50.4622, 5.61,B,,
8043,20.9123,75.9256, 6.05,G,,
8044,21.0077,19.3294, 5.65,M,,
8047,20.9971,47.5211, 4.74,B,,
8049,20.9904,59.4386, 5.51,K,,
8051,21.0203,36.0261, 5.97,G,,
8053,21.0197,46.1558, 5.37,B,,
8056,21.0508,1.5319, 6.25,F,,
8057,21.0505,14.7300, 6.31,M,,
8062,21.0400,44.7911, 6.19,S,,
8063,21.0513,38.6575, 6.07,G,,
8064,21.0468,45.8489, 6.48,B,,
8065,21.0359,56.6697, 5.83,B,,
8066,21.0763,5.5028, 5.61,K,,
8067,21.0783,2.9419, 6.42,K,,
8068,21.0793,2.2697, 6.33,G,,
8071,21.0645,41.6281, 6.33,F,,
8072,21.0572,50.3519, 6.37,K,,
8074,21.0620,46.8619, 6.32,F,,
8077,21.0907,5.9583, 5.94,F,,
8078,21.0632,53.2861, 5.90,K,,
8079,21.0822,43.9278, 3.72,K,,
8082,21.1065,26.9244, 6.12,K,,
8084,21.1084,31.1847, 5.82,F,,
8085,21.1152,38.7458, 5.21,K,,
8086,21.1154,38.7433, 6.03,K,,
8088,21.1260,15.6586, 6.34,K,,
8089,21.1100,47.6483, 4.55,K,,
8090,21.1412,6.9894, 6.15,K,,
8094,21.1441,30.2058, 5.59,B,,
8097,21.1724,10.1317, 4.69,F,,
8098,21.1753,10.0489, 6.07,A,,
8099,21.1065,71.4319, 5.87,F,,
8101,21.1756,22.4547, 6.68,A,,
8103,21.1663,45.5025, 6.63,B,,
8105,21.1844,36.2992, 6.54,B,,
8106,21.1710,53.5633, 5.73,B,,
8107,21.1753,47.6919, 6.46,B,,
8109,21.1580,63.2956, 6.54,B,,
8112,21.0915,78.1264, 5.91,B,,
8113,21.1589,68.4903, 7.33,M,,
8115,21.2156,30.2269, 3.20,G,,
8116,21.2247,15.9825, 6.27,A,,
8119,21.1967,59.9864, 5.64,B,,
8120,21.2240,36.6336, 6.05,F,,
8123,21.2414,10.0069, 4.49,F,,
8126,21.2362,29.9011, 6.17,G,,
8130,21.2465,38.0456, 3.72,F,,
8133,21.2285,64.4039, 6.39,G,,
8136,21.2602,47.9736, 6.46,B,,
8138,21.2749,42.2514, 6.43,K,,
8143,21.2903,39.3947, 4.23,B,,
8144,21.2898,42.6833, 6.19,B,,
8146,21.2986,34.8969, 4.43,B,,
8147,21.2839,53.9975, 6.13,A,,
8149,21.3144,11.2033, 5.96,K,,
8150,21.2873,55.7981, 5.98,K,,
8153,21.2886,58.6117, 6.42,B,,
8154,21.3076,43.9458, 5.00,O,,
8155,21.3154,41.0408, 6.15,A,,
8157,21.3228,38.2375, 5.83,F,,
8158,21.3372,22.0264, 6.29,B,,
8161,21.3247,49.5103, 5.76,B,,
8162,21.3097,62.5856, 2.44,A,,
8163,21.3513,7.3544, 5.82,M,,
8164,21.3211,58.6236, 5.66,M,,
8165,21.3512,23.8558, 5.57,K,,
8166,21.3472,32.4528, 5.68,G,,
8168,21.2617,77.0122, 5.95,K,,
8169,21.3561,32.6128, 6.04,A,,
8170,21.3504,40.3456, 6.40,F,,
8171,21.3228,64.8719, 5.18,B,,
8173,21.3681,19.8044, 4.08,K,,
8174,21.2226,81.2308, 6.15,A,,
8179,21.3426,60.7569, 6.11,G,,
8182,21.3783,30.3097, 6.05,K,,
8185,21.3668,49.3889, 5.69,K,,
8186,21.3797,38.6342, 6.63,A,,
8189,21.3897,37.4067, 6.58,F,,
8190,21.3997,24.2742, 5.71,F,,
8191,21.4068,10.1742, 6.35,F,,
8193,21.3968,37.3514, 6.47,K,,
8194,21.4021,25.3122, 6.15,A,,
8197,21.4064,24.5289, 6.32,K,,
8198,21.4094,26.1744, 5.68,A,,
8206,21.4154,49.3233, 6.58,B,,
8208,21.4221,46.7144, 5.60,F,,
8209,21.4297,36.6675, 5.94,B,,
8210,21.4408,19.3756, 6.07,A,,
8215,21.4559,37.1167, 5.31,B,,
8216,21.4477,48.8350, 5.31,A,,
8217,21.4611,27.6086, 5.41,A,,
8218,21.4458,52.8986, 6.03,B,,
8220,21.4690,32.2253, 5.80,F,,
8221,21.4833,17.9058, 6.44,K,,
8223,21.4833,22.1794, 5.93,M,,
8224,21.4570,59.7500, 6.10,M,,
8225,21.4991,23.6389, 4.57,M,,
8226,21.4813,55.4186, 6.12,B,,
8227,21.4628,66.8092, 5.44,B,,
8228,21.4908,46.5406, 5.24,K,,
8231,21.5193,12.1375, 6.08,B,,
8237,21.5057,52.9581, 6.02,A,,
8238,21.4777,70.5608, 3.23,B,,
8239,21.4138,80.5247, 5.97,G,,
8240,21.5409,23.3944, 6.70,B,,
8242,21.5243,52.6200, 6.16,G,,
8243,21.5165,60.4594, 5.53,B,,
8246,21.5491,49.9778, 5.75,A,,
8248,21.5550,45.8542, 6.25,K,,
8250,21.5761,22.7547, 6.47,F,,
8252,21.5664,45.5919, 4.02,G,,
8255,21.5796,38.5342, 4.90,K,,
8257,21.5886,28.1972, 6.31,F,,
8258,21.5908,24.4522, 6.11,A,,
8259,21.5743,51.6983, 6.15,B,,
8261,21.6039,30.0556, 6.36,G,,
8262,21.6007,45.3747, 5.53,M,,
8266,21.6158,40.4136, 5.01,A,,
8267,21.6293,19.3186, 5.45,F,,
8272,21.6244,44.6967, 6.20,A,,
8274,21.6458,25.4989, 6.16,G,,
8275,21.6274,54.0422, 6.15,K,,
8276,21.6503,20.2653, 5.85,F,,
8279,21.6320,62.0819, 4.73,B,,
8281,21.6493,57.4892, 5.62,O,,
8284,21.6698,43.2739, 5.11,M,,
8290,21.6787,54.8722, 6.20,K,,
8291,21.6929,40.8053, 6.11,A,,
8297,21.7003,35.5103, 6.07,C,,
8298,21.7023,45.7658, 6.17,M,,
8300,21.7064,41.0772, 5.69,A,,
8301,21.7016,51.1897, 4.67,B,,
8304,21.7108,49.6003, 6.09,G,,
8306,21.7184,41.1550, 5.49,M,,
8307,21.7238,38.2839, 5.65,A,,
8309,21.7357,28.7428, 4.73,F,,
8310,21.7356,28.7431, 6.08,G,,
8312,21.7126,59.2711, 6.08,K,,
8313,21.7419,17.3500, 4.34,G,,
8314,21.7420,14.7719, 5.94,G,,
8315,21.7441,25.6450, 4.13,F,,
8316,21.7251,58.7800, 4.08,M,,
8317,21.6987,71.3114, 4.56,K,,
8320,21.7624,35.8572, 6.40,G,,
8321,21.7679,22.9489, 5.29,K,,
8324,21.7178,72.3203, 5.17,K,,
8325,21.7733,25.5633, 6.28,K,,
8327,21.7481,62.4606, 5.95,O,,
8329,21.7713,43.0608, 6.54,G,,
8330,21.7846,17.1942, 6.21,F,,
8334,21.7575,61.1208, 4.29,A,,
8335,21.7799,49.3094, 4.23,B,,
8336,21.8023,36.5806, 6.47,K,,
8338,21.8082,38.6486, 6.12,B,,
8339,21.7904,60.6928, 5.52,M,,
8341,21.8241,20.4625, 6.29,B,,
8342,21.7836,70.1508, 6.29,A,,
8343,21.8307,30.1742, 5.04,A,,
8344,21.8357,17.2856, 5.29,F,,
8345,21.8278,41.1489, 6.48,A,,
8347,21.8219,61.2728, 6.17,M,,
8348,21.8595,19.8267, 5.77,B,,
8349,21.8514,39.5367, 6.17,B,,
8350,21.8717,21.2731, 6.89,M,,
8354,21.8750,28.7933, 5.53,F,,
8356,21.8844,25.9250, 5.08,B,,
8357,21.8669,55.7969, 5.71,B,,
8358,21.8937,19.6683, 5.68,A,,
8361,21.8604,65.7528, 6.37,A,,
8364,21.9048,19.7183, 6.39,K,,
8371,21.9148,56.6114, 5.80,B,,
8372,21.9400,21.2397, 6.40,K,,
8374,21.9224,61.5419, 6.13,G,,
8375,21.9253,65.3208, 5.86,B,,
8377,21.9506,48.6686, 6.42,B,,
8383,21.9442,63.6256, 4.91,M,,
8384,21.9531,66.1561, 6.43,B,,
8388,21.9815,62.6983, 5.93,M,,
8389,21.9897,57.6583, 6.59,A,,
8391,22.0074,33.0061, 6.46,F,,
8395,21.9642,74.9967, 6.35,K,,
8399,22.0109,62.4881, 6.66,B,,
8400,21.9875,73.1800, 5.03,F,,
8403,22.0307,52.8822, 5.78,B,,
8406,22.0346,58.0006, 5.56,O,,
8407,22.0491,44.6500, 5.60,A,,
8412,22.0762,32.9419, 6.38,G,,
8415,22.0865,26.6739, 5.78,K,,
8416,22.0647,63.1197, 5.29,M,,
8417,22.0632,64.6278, 4.29,A,,
8419,22.0930,28.9639, 5.70,B,,
8421,22.0879,46.7447, 6.13,M,,
8422,22.0974,45.1122, 6.44,A,,
8423,21.9702,82.8697, 6.98,F,,
8424,22.1006,45.0144, 5.14,K,,
8426,22.0835,62.7856, 5.27,K,,
8427,22.0976,48.2317, 6.27,B,,
8428,22.0858,62.2800, 5.11,O,,
8429,22.1034,45.2486, 6.19,A,,
8430,22.1169,25.3450, 3.76,F,,
8434,22.1038,56.3431, 6.39,A,,
8435,22.1246,19.4756, 5.75,F,,
8436,22.1250,18.0006, 6.35,M,,
8438,22.1306,21.7028, 5.78,B,,
8441,22.1381,25.5436, 6.11,F,,
8442,22.1193,58.8408, 6.32,G,,
8443,22.1238,53.3072, 6.14,A,,
8445,22.1379,49.7964, 6.42,K,,
8448,22.1447,45.7419, 6.11,G,,
8449,22.1538,33.1722, 5.58,G,,
8454,22.1664,33.1783, 4.29,F,,
8455,22.1719,19.6169, 6.18,G,,
8459,22.1751,20.9781, 6.46,A,,
8460,22.1810,30.5531, 6.32,A,,
8463,22.1861,50.8233, 5.40,A,,
8465,22.1809,58.2011, 3.35,K,,
8466,22.2022,24.9500, 5.92,K,,
8468,22.1634,72.3411, 4.79,G,,
8469,22.1919,59.4144, 5.04,O,,
8472,22.1969,56.8394, 5.24,F,,
8473,22.1709,72.1111, 6.37,B,,
8474,22.1775,70.1328, 5.50,F,,
8475,22.2133,34.6047, 5.33,K,,
8476,22.1991,59.0847, 6.30,K,,
8479,22.2005,60.7594, 5.35,K,,
8482,22.2274,28.6083, 5.89,K,,
8483,22.2062,63.2914, 5.79,M,,
8485,22.2313,39.7150, 4.49,K,,
8487,22.2304,45.4408, 5.53,A,,
8489,22.2457,42.9539, 5.71,A,,
8490,22.2304,63.1625, 6.11,B,,
8493,22.2147,73.3072, 6.08,K,,
8494,22.2506,57.0436, 4.19,F,,
8498,22.2662,37.7489, 4.13,K,,
8503,22.2749,27.8042, 6.37,G,,
8506,22.2740,57.2203, 5.88,G,,
8510,22.3156,37.7694, 6.17,A,,
8511,22.3035,62.8044, 5.75,K,,
8517,22.3500,26.9353, 6.47,M,,
8519,22.3443,50.9808, 6.42,K,,
8522,22.3554,28.3306, 4.81,B,,
8523,22.3504,46.5367, 4.57,B,,
8525,22.3057,76.4881, 6.66,A,,
8528,22.3641,42.0783, 6.41,B,,
8532,22.3943,20.8483, 6.04,F,,
8535,22.3834,57.2844, 6.16,B,,
8536,22.3984,38.5736, 6.22,F,,
8537,22.3834,62.4200, 6.04,A,,
8538,22.3927,52.2292, 4.43,G,,
8541,22.4086,49.4764, 4.57,B,,
8546,22.2196,86.1081, 5.27,B,,
8549,22.4460,37.4439, 6.46,B,,
8550,22.3948,78.2433, 6.76,B,,
8553,22.4574,39.8097, 6.14,B,,
8554,22.4498,56.4333, 6.57,B,,
8555,22.4628,31.8403, 5.98,K,,
8557,22.4336,70.7708, 5.47,K,,
8561,22.4515,65.1322, 5.46,B,,
8564,22.4862,26.7631, 5.79,K,,
8568,22.4721,64.0856, 6.29,K,,
8569,22.4955,35.7256, 6.56,A,,
8571,22.4862,58.4153, 3.75,F,,
8572,22.4922,47.7069, 4.36,M,,
8574,22.5005,32.5725, 5.65,B,,
8575,22.5018,49.3561, 6.40,K,,
8578,22.4451,78.7858, 5.83,A,,
8579,22.5081,43.1233, 4.51,B,,
8584,22.5262,29.5428, 6.35,A,,
8585,22.5215,50.2825, 3.77,A,,
8588,22.5407,39.7797, 5.88,A,,
8589,22.5386,54.0375, 6.35,G,,
8591,22.4980,78.8242, 5.50,A,,
8594,22.5613,56.6250, 5.71,G,,
8595,22.5508,69.9136, 6.6 ,A,,
8598,22.5547,70.3739, 6.34,A,,
8599,22.5378,76.2264, 5.68,A,,
8603,22.5979,39.6342, 5.73,B,,
8604,22.6022,35.5772, 6.10,K,,
8606,22.5982,50.0711, 6.29,B,,
8607,22.5977,56.0700, 6.38,A,,
8609,22.6135,35.6525, 6.30,K,,
8613,22.6229,51.5453, 4.63,A,,
8615,22.5961,73.6431, 5.08,F,,
8617,22.6382,45.1831, 6.40,G,,
8621,22.6439,56.7958, 5.21,M,,
8622,22.6544,39.0503, 4.88,O,,
8625,22.6203,75.3717, 5.79,M,,
8626,22.6595,37.5928, 6.03,G,,
8627,22.6442,63.5844, 5.19,A,,
8632,22.6753,44.2764, 4.46,K,,
8633,22.6718,53.8461, 5.93,K,,
8638,22.6921,30.9658, 6.34,K,,
8640,22.6913,40.2256, 5.25,B,,
8641,22.6959,29.3075, 4.79,A,,
8643,22.6934,41.5494, 5.94,G,,
8648,22.7058,53.9089, 6.12,K,,
8650,22.7167,30.2214, 2.94,G,,
8651,22.7154,37.8028, 6.43,B,,
8652,22.7179,47.1686, 6.39,A,,
8654,22.7348,39.4656, 5.95,K,,
8656,22.7349,41.8192, 5.08,K,,
8661,22.7470,52.5172, 6.55,K,,
8666,22.7695,44.5461, 5.76,F,,
8667,22.7755,23.5656, 3.95,G,,
8677,22.7898,58.4828, 6.36,B,,
8678,22.8030,37.4167, 5.90,G,,
8682,22.8133,54.4150, 6.12,B,,
8683,22.8123,62.9383, 6.06,K,,
8684,22.8334,24.6017, 3.48,G,,
8687,22.8169,68.5703, 6.19,F,,
8688,22.8295,55.9028, 5.43,K,,
8690,22.8394,41.9536, 5.92,B,,
8692,22.8362,50.6769, 6.21,G,,
8694,22.8280,66.2006, 3.52,K,,
8696,22.8563,61.6969, 5.60,G,,
8699,22.8672,43.3125, 4.94,M,,
8702,22.7914,83.1539, 4.74,K,,
8705,22.8812,50.4119, 6.46,B,,
8706,22.8865,40.1672, 6.34,B,,
8707,22.8844,60.1011, 6.01,K,,
8708,22.8945,44.7492, 5.81,A,,
8712,22.9019,40.3769, 5.81,K,,
8718,22.9174,37.0769, 5.91,F,,
8723,22.9290,36.3517, 5.74,B,,
8725,22.9399,41.6039, 5.59,B,,
8726,22.9406,49.7336, 4.95,K,,
8731,22.9512,48.6842, 5.43,B,,
8733,22.9613,39.3089, 6.18,B,,
8736,22.8506,85.3736, 5.90,K,,
8744,22.9862,52.6544, 6.29,K,,
8745,22.9858,59.8147, 6.43,B,,
8748,22.9069,84.3461, 4.71,K,,
8752,23.0014,56.9453, 5.00,G,,
8753,23.0118,31.0831, 6.60,B,,
8755,23.0096,45.3750, 6.50,A,,
8758,23.0152,38.7081, 6.54,B,,
8761,23.0252,57.1056, 6.20,K,,
8762,23.0320,42.3261, 3.62,B,,
8765,23.0425,31.7806, 6.57,F,,
8766,23.0434,42.7578, 5.10,A,,
8768,23.0459,44.0589, 6.39,B,,
8770,23.0455,55.2364, 6.50,B,,
8775,23.0629,28.0828, 2.42,M,,
8777,23.0566,60.4453, 6.74,B,,
8778,23.0560,58.5647, 6.43,G,,
8779,23.0591,67.2092, 5.24,K,,
8780,23.0697,50.0522, 4.65,K,,
8796,23.1186,25.4683, 4.76,G,,
8797,23.1103,59.4197, 4.85,B,,
8798,23.1244,32.8258, 6.02,A,,
8800,23.1217,46.0681, 6.66,B,,
8801,23.1195,52.8164, 6.11,K,,
8803,23.1196,59.7275, 6.40,B,,
8804,23.1276,46.3872, 5.33,K,,
8805,23.1293,49.2958, 5.70,F,,
8806,23.1367,44.5617, 6.56,A,,
8808,23.1299,63.6333, 6.26,B,,
8811,23.1326,64.2225, 6.21,K,,
8819,23.1316,75.3875, 4.41,G,,
8822,23.1623,59.3331, 5.70,A,,
8825,23.1742,43.5442, 5.94,F,,
8827,23.1970,26.8472, 6.17,G,,
8830,23.2092,49.4064, 4.52,F,,
8831,23.2178,29.4417, 6.35,G,,
8832,23.2214,57.1683, 5.56,K,,
8837,23.2373,50.6178, 6.31,A,,
8838,23.2394,29.7717, 6.41,F,,
8842,23.2629,28.2478, 6.49,G,,
8844,23.2437,74.2311, 5.84,A,,
8851,23.2605,70.8881, 5.56,F,,
8853,23.2784,53.2136, 5.54,F,,
8854,23.2741,61.9631, 6.53,B,,
8857,23.2879,45.1642, 6.43,K,,
8860,23.2958,49.0153, 4.85,M,,
8861,23.2989,45.4889, 6.48,B,,
8864,23.3065,41.7736, 6.02,A,,
8867,23.2886,75.2992, 6.38,A,,
8870,23.3173,45.1372, 6.50,A,,
8872,23.3104,68.1117, 4.75,K,,
8873,23.3243,34.7933, 6.32,B,,
8874,23.3249,48.6253, 5.44,K,,
8875,23.3282,48.3808, 6.32,K,,
8876,23.3312,42.0781, 5.79,M,,
8881,23.3373,61.9700, 6.45,K,,
8882,23.3471,30.4150, 5.59,M,,
8884,23.3456,44.1164, 6.13,A,,
8885,23.3481,38.1822, 5.77,F,,
8886,23.3429,62.2131, 6.39,K,,
8887,23.3653,31.8125, 5.32,B,,
8888,23.3662,26.6089, 6.62,F,,
8894,23.3757,60.1336, 5.56,K,,
8899,23.3965,32.5314, 6.69,F,,
8902,23.4097,41.1128, 6.72,B,,
8903,23.4141,32.3850, 5.57,B,,
8904,23.4140,62.2828, 4.98,M,,
8913,23.4521,42.9119, 5.75,B,,
8918,23.4546,70.3597, 5.60,A,,
8925,23.5021,49.1331, 6.17,K,,
8926,23.5006,58.5489, 4.91,B,,
8927,23.5110,38.6619, 6.05,G,,
8930,23.5215,39.2364, 5.22,K,,
8933,23.5286,28.4036, 6.41,A,,
8936,23.5402,34.9525, 6.65,B,,
8938,23.4502,87.3075, 5.58,A,,
8941,23.5619,45.0581, 6.24,G,,
8943,23.5659,31.3253, 4.98,K,,
8947,23.5771,40.2364, 5.59,A,,
8948,23.5773,33.4972, 5.63,K,,
8950,23.5796,38.0239, 6.18,K,,
8952,23.5831,71.6422, 5.84,G,,
8955,23.6085,32.9042, 6.35,F,,
8961,23.6261,46.4581, 3.82,G,,
8962,23.6256,44.4292, 5.80,B,,
8964,23.6329,46.1997, 6.58,G,,
8965,23.6356,43.2681, 4.29,B,,
8967,23.6523,50.4717, 5.30,B,,
8971,23.6529,75.2928, 5.95,A,,
8972,23.6559,74.0028, 5.98,G,,
8973,23.6674,37.6525, 6.53,F,,
8974,23.6558,77.6325, 3.21,K,,
8976,23.6735,44.3339, 4.14,B,,
8977,23.6779,36.7208, 6.23,F,,
8981,23.6908,49.5122, 6.26,A,,
8985,23.6985,57.2600, 6.24,G,,
8986,23.7041,44.9919, 6.57,K,,
8989,23.7058,64.5156, 6.56,M,,
8990,23.7087,61.6794, 6.40,K,,
8997,23.7332,29.3617, 4.93,K,,
9000,23.7468,55.7997, 6.51,G,,
9003,23.7673,46.4203, 4.95,G,,
9005,23.7769,66.7822, 5.95,B,,
9008,23.7843,58.6519, 4.87,K,,
9010,23.7839,57.4514, 5.51,K,,
9011,23.7926,46.8325, 6.07,B,,
9013,23.7986,67.8069, 5.04,A,,
9017,23.8108,64.8764, 6.41,A,,
9018,23.8139,62.2144, 5.43,A,,
9019,23.8150,59.9789, 6.34,A,,
9020,23.8200,58.9631, 6.33,F,,
9024,23.8281,36.4253, 5.90,G,,
9025,23.8276,28.8425, 5.97,A,,
9028,23.8395,51.6217, 6.44,F,,
9034,23.8660,77.5994, 6.55,F,,
9038,23.8736,75.5447, 6.39,K,,
9045,23.9064,57.4994, 4.54,G,,
9052,23.9260,57.4122, 6.00,B,,
9053,23.9260,47.3558, 6.00,G,,
9056,23.9410,83.1911, 6.59,A,,
9057,23.9510,42.6583, 5.97,F,,
9059,23.9524,55.7058, 5.55,F,,
9063,23.9593,60.0236, 6.47,B,,
9066,23.9736,51.3886, 4.8 ,M,,
9068,23.9803,32.3817, 6.52,B,,
9070,23.9796,46.4131, 6.54,B,,
9071,23.9835,55.7550, 4.88,B,,
9074,23.9914,33.7244, 6.58,G,,
9075,23.9914,33.7244, 6.58,G,,
9078,0.0066,26.9183, 6.46,F,,
9079,0.0086,59.5597, 6.19,G,,
9080,0.0121,45.2533, 6.38,B,,
9083,0.0220,49.9817, 6.22,G,,
9085,0.0269,61.2231, 5.55,F,,
9086,0.0288,42.3672, 6.25,B,,
9088,0.0362,27.0819, 5.75,G,,
9094,0.0434,66.0989, 5.86,G,,
9097,0.0571,63.6419, 6.24,B,,
9099,0.0644,66.7122, 6.29,M,,
9100,0.0704,62.2878, 5.88,A,,
9104,0.0783,67.1667, 5.67,K,,
9105,0.0769,42.0922, 6.01,B,,
9107,0.0816,34.6597, 6.12,G,,
9109,0.0822,26.6489, 6.25,K,,
9110,0.0851,61.3142, 5.80,B,,
